Name,DraftKingsSalary,FantasyPointsDraftKings,DPointsAllowed,OpponentPointsPerGame,OpponentOffensivePlays,OpponentOffensiveYards,OpponentOffensiveYardsPerPlay,OpponentFirstDowns,OpponentThirdDownAttempts,OpponentThirdDownPercentage,OpponentRedZoneAttempts,OpponentRedZonePercentage,OpponentRushingYards,OpponentRushingYardsPerAttempt,TacklesForLossPercentage,OpponentRushingTouchdowns,Home,PointSpread,OverUnder,total,PointsPerGame,OffensivePlays,OffensiveYards,OffensiveYardsPerPlay,FirstDowns,ThirdDownAttempts,ThirdDownPercentage,RedZoneAttempts,RedZonePercentage,OpponentTacklesForLossPercentage,Team,Rank,RushesGame,RushYardGame,YardAttempt,RushTdGame,TargetsGame,RecGame,RecYardsGame,RecTdGame,PointsGame,RZattemptsGame,RZyardsGame,RZYardAtt,RZTDGame,RZTarGame,RZRecGame,RZRecYarGame,RZRecTDGame,RZPointsGame,SnapsPerGame,SnapsPlayedPercentage,RushSnapPercentage,TargetSnapPercentage,TouchSnapPercentage,IntendedTouchSnapPercentage,FantasyPointSnapPercentageDraftKings,PLSProjections,RFProjections
David Johnson,6200.0,15.09,25.26,24.5,60.642857142857146,363.07142857142856,6.0,20.357142857142858,11.857142857142858,39.2,3.2142857142857144,60.0,123.28571428571429,5.0,22.0,0.7857142857142857,True,14.0,44.5,15.25,13.7,56.01302083333333,242.88958333333332,4.3,15.127083333333333,12.2015625,30.4,1.7125,70.8,26.5,ARI,12.0,16.5,60.214285714285715,3.6,0.5,4.785714285714286,3.2857142857142856,29.142857142857142,0.14285714285714285,16.2,1.8571428571428572,5.428571428571429,2.9,0.5,0.6428571428571429,0.42857142857142855,2.2857142857142856,0.07142857142857142,4.6,46.9,79.7,35.2,10.2,42.2,45.4,34.4,15.679311685992097,15.473072137000424
Chase Edmonds,3800.0,4.57,25.26,24.5,60.642857142857146,363.07142857142856,6.0,20.357142857142858,11.857142857142858,39.2,3.2142857142857144,60.0,123.28571428571429,5.0,22.0,0.7857142857142857,True,14.0,44.5,15.25,13.7,56.01302083333333,242.88958333333332,4.3,15.127083333333333,12.2015625,30.4,1.7125,70.8,26.5,ARI,72.0,3.5714285714285716,12.428571428571429,3.5,0.14285714285714285,1.3571428571428572,1.2142857142857142,7.0,0.0,4.0,0.5714285714285714,2.0,3.5,0.14285714285714285,0.0,0.0,0.0,0.0,1.1,12.1,20.6,29.4,11.2,39.4,40.6,33.1,4.308059319997565,5.7777623702922485
TJ Logan,3000.0,0.89,25.26,24.5,60.642857142857146,363.07142857142856,6.0,20.357142857142858,11.857142857142858,39.2,3.2142857142857144,60.0,123.28571428571429,5.0,22.0,0.7857142857142857,True,14.0,44.5,15.25,13.7,56.01302083333333,242.88958333333332,4.3,15.127083333333333,12.2015625,30.4,1.7125,70.8,26.5,ARI,105.0,0.25,0.25,1.0,0.0,0.875,0.875,4.625,0.0,1.4,0.0,0.0,0.0,0.0,0.125,0.125,0.375,0.0,0.2,2.6,4.3,9.5,33.3,42.9,42.9,51.9,0.79072144062539,1.9141680961336132
Derrick Coleman,3000.0,0.26,25.26,24.5,60.642857142857146,363.07142857142856,6.0,20.357142857142858,11.857142857142858,39.2,3.2142857142857144,60.0,123.28571428571429,5.0,22.0,0.7857142857142857,True,14.0,44.5,15.25,13.7,56.01302083333333,242.88958333333332,4.3,15.127083333333333,12.2015625,30.4,1.7125,70.8,26.5,ARI,127.0,0.14285714285714285,0.21428571428571427,1.5,0.0,0.21428571428571427,0.14285714285714285,1.2142857142857142,0.0,0.3,0.0,0.0,0.0,0.0,0.07142857142857142,0.0,0.0,0.0,0.0,4.6,7.9,3.1,4.6,6.2,7.7,6.2,-0.08537633278418522,0.5099004570360839
Tevin Coleman,4800.0,13.43,21.31,24.6,60.71337209302326,352.5523255813954,5.8,20.166279069767445,11.65639534883721,39.9,3.0034883720930234,71.4,101.97558139534884,4.2,28.9,0.858139534883721,False,-3.5,43.5,23.5,25.4,63.214606741573036,378.85955056179773,6.0,22.046629213483147,12.842696629213483,45.6,3.1393258426966293,63.6,33.3,ATL,17.0,10.642857142857142,50.285714285714285,4.7,0.21428571428571427,3.0,2.2142857142857144,19.071428571428573,0.35714285714285715,13.0,1.1428571428571428,2.7857142857142856,2.4,0.07142857142857142,0.7142857142857143,0.5714285714285714,3.642857142857143,0.2857142857142857,3.4,37.5,56.1,28.4,8.0,34.3,36.4,34.7,11.220201277323733,11.778933923457439
Brian Hill,3000.0,2.73,21.31,24.6,60.71337209302326,352.5523255813954,5.8,20.166279069767445,11.65639534883721,39.9,3.0034883720930234,71.4,101.97558139534884,4.2,28.9,0.858139534883721,False,-3.5,43.5,23.5,25.4,63.214606741573036,378.85955056179773,6.0,22.046629213483147,12.842696629213483,45.6,3.1393258426966293,63.6,33.3,ATL,142.0,0.5714285714285714,1.7142857142857142,3.0,0.0,0.0,0.0,0.0,0.0,0.2,0.0,0.0,0.0,0.0,0.0,0.0,0.0,0.0,0.0,2.9,3.0,20.0,0.0,20.0,20.0,6.0,0.6034404154225745,1.878249630698766
Ricky Ortiz,3000.0,0.18,21.31,24.6,60.71337209302326,352.5523255813954,5.8,20.166279069767445,11.65639534883721,39.9,3.0034883720930234,71.4,101.97558139534884,4.2,28.9,0.858139534883721,False,-3.5,43.5,23.5,25.4,63.214606741573036,378.85955056179773,6.0,22.046629213483147,12.842696629213483,45.6,3.1393258426966293,63.6,33.3,ATL,133.0,0.0,0.0,0.0,0.0,0.3,0.2,0.7,0.0,0.3,0.0,0.0,0.0,0.0,0.0,0.0,0.0,0.0,0.0,10.3,11.0,0.0,2.9,1.9,2.9,2.6,0.1267757997089909,0.417633372822304
Devonta Freeman,4500.0,0.0,21.31,24.6,60.71337209302326,352.5523255813954,5.8,20.166279069767445,11.65639534883721,39.9,3.0034883720930234,71.4,101.97558139534884,4.2,28.9,0.858139534883721,False,-3.5,43.5,23.5,25.4,63.214606741573036,378.85955056179773,6.0,22.046629213483147,12.842696629213483,45.6,3.1393258426966293,63.6,33.3,ATL,99.0,7.0,34.0,4.9,0.0,3.5,2.5,11.5,0.0,7.0,1.5,2.0,1.3,0.0,0.5,0.0,0.0,0.0,0.2,33.5,32.7,20.9,10.4,28.4,31.3,21.0,8.695683020178445,9.03694133273127
Ito Smith,3600.0,0.0,21.31,24.6,60.71337209302326,352.5523255813954,5.8,20.166279069767445,11.65639534883721,39.9,3.0034883720930234,71.4,101.97558139534884,4.2,28.9,0.858139534883721,False,-3.5,43.5,23.5,25.4,63.214606741573036,378.85955056179773,6.0,22.046629213483147,12.842696629213483,45.6,3.1393258426966293,63.6,33.3,ATL,45.0,6.428571428571429,22.5,3.5,0.2857142857142857,2.2857142857142856,1.9285714285714286,10.857142857142858,0.0,7.0,1.5,4.142857142857143,2.8,0.2857142857142857,0.2857142857142857,0.21428571428571427,1.5,0.0,2.5,22.1,33.2,29.0,10.3,37.7,39.4,31.5,7.679134033619328,7.4505473217639135
Gus Edwards,5000.0,10.38,27.2,21.3,60.540604026845635,329.36375838926176,5.4,19.798993288590605,12.436912751677852,40.8,3.216442953020134,55.6,103.78389261744967,4.3,20.3,0.786241610738255,False,4.5,43.0,19.25,24.4,71.69736070381231,370.29325513196477,5.2,23.469794721407624,14.59706744868035,47.5,3.7208211143695014,61.5,11.6,BAL,57.0,12.333333333333334,61.111111111111114,5.0,0.2222222222222222,0.1111111111111111,0.1111111111111111,0.7777777777777778,0.0,8.9,1.4444444444444444,5.666666666666667,3.9,0.2222222222222222,0.0,0.0,0.0,0.0,2.1,25.3,35.1,48.7,0.4,49.1,49.1,35.0,7.827972662571303,8.518163284851974
Kenneth Dixon,4400.0,7.93,27.2,21.3,60.540604026845635,329.36375838926176,5.4,19.798993288590605,12.436912751677852,40.8,3.216442953020134,55.6,103.78389261744967,4.3,20.3,0.786241610738255,False,4.5,43.0,19.25,24.4,71.69736070381231,370.29325513196477,5.2,23.469794721407624,14.59706744868035,47.5,3.7208211143695014,61.5,11.6,BAL,82.0,10.0,47.0,4.7,0.5,0.75,0.75,7.25,0.0,9.2,0.75,1.75,2.3,0.5,0.0,0.0,0.0,0.0,3.2,25.5,33.0,39.2,2.9,42.2,42.2,36.0,6.958291945575406,8.38908577439567
Ty Montgomery,3000.0,1.33,27.2,21.3,60.540604026845635,329.36375838926176,5.4,19.798993288590605,12.436912751677852,40.8,3.216442953020134,55.6,103.78389261744967,4.3,20.3,0.786241610738255,False,4.5,43.0,19.25,24.4,71.69736070381231,370.29325513196477,5.2,23.469794721407624,14.59706744868035,47.5,3.7208211143695014,61.5,11.6,BAL,62.0,3.5454545454545454,15.909090909090908,4.5,0.09090909090909091,3.272727272727273,2.1818181818181817,20.545454545454547,0.0,6.3,0.5454545454545454,2.5454545454545454,4.7,0.09090909090909091,0.2727272727272727,0.0,0.0,0.0,0.8,21.2,25.2,16.7,15.5,27.0,32.2,29.7,6.136669077520872,6.476273957307743
Javorius Allen,3000.0,1.2,27.2,21.3,60.540604026845635,329.36375838926176,5.4,19.798993288590605,12.436912751677852,40.8,3.216442953020134,55.6,103.78389261744967,4.3,20.3,0.786241610738255,False,4.5,43.0,19.25,24.4,71.69736070381231,370.29325513196477,5.2,23.469794721407624,14.59706744868035,47.5,3.7208211143695014,61.5,11.6,BAL,46.0,2.9285714285714284,7.857142857142857,2.7,0.21428571428571427,3.0714285714285716,2.5,14.0,0.14285714285714285,6.8,0.7857142857142857,0.8571428571428571,1.1,0.21428571428571427,0.42857142857142855,0.42857142857142855,2.5714285714285716,0.14285714285714285,2.9,22.2,29.6,13.2,13.8,24.4,27.0,30.4,5.064380987449495,5.756338286943106
LeSean McCoy,4800.0,8.61,25.9,22.1,63.3058064516129,371.99290322580646,5.9,21.101935483870967,12.261935483870968,40.7,3.065483870967742,62.8,115.98935483870967,5.0,17.8,0.4990322580645161,False,13.0,45.0,16.0,15.4,63.677209302325586,294.24744186046513,4.6,17.62046511627907,13.752558139534884,31.8,2.292093023255814,56.2,21.8,BUF,39.0,12.083333333333334,39.916666666666664,3.3,0.16666666666666666,3.3333333333333335,2.4166666666666665,17.5,0.0,9.4,1.5833333333333333,2.9166666666666665,1.8,0.08333333333333333,0.08333333333333333,0.08333333333333333,0.25,0.0,0.9,35.6,49.1,34.0,9.4,40.7,43.3,26.4,9.654119879857564,10.388993960500713
Keith Ford,3400.0,4.44,25.9,22.1,63.3058064516129,371.99290322580646,5.9,21.101935483870967,12.261935483870968,40.7,3.065483870967742,62.8,115.98935483870967,5.0,17.8,0.4990322580645161,False,13.0,45.0,16.0,15.4,63.677209302325586,294.24744186046513,4.6,17.62046511627907,13.752558139534884,31.8,2.292093023255814,56.2,21.8,BUF,117.0,14.0,46.0,3.3,0.0,1.0,1.0,7.0,0.0,6.3,1.0,0.0,0.0,0.0,0.0,0.0,0.0,0.0,0.0,41.0,60.3,34.1,2.4,36.6,36.6,15.4,7.838641454526521,9.821353593648755
Chris Ivory,3900.0,2.79,25.9,22.1,63.3058064516129,371.99290322580646,5.9,21.101935483870967,12.261935483870968,40.7,3.065483870967742,62.8,115.98935483870967,5.0,17.8,0.4990322580645161,False,13.0,45.0,16.0,15.4,63.677209302325586,294.24744186046513,4.6,17.62046511627907,13.752558139534884,31.8,2.292093023255814,56.2,21.8,BUF,63.0,8.416666666666666,28.333333333333332,3.4,0.08333333333333333,1.6666666666666667,1.0,13.25,0.0,5.7,0.75,0.5833333333333334,0.8,0.08333333333333333,0.0,0.0,0.0,0.0,0.6,22.4,28.7,37.5,7.4,42.0,45.0,25.2,5.645622099887549,5.9910482139712435
Patrick DiMarco,3000.0,0.34,25.9,22.1,63.3058064516129,371.99290322580646,5.9,21.101935483870967,12.261935483870968,40.7,3.065483870967742,62.8,115.98935483870967,5.0,17.8,0.4990322580645161,False,13.0,45.0,16.0,15.4,63.677209302325586,294.24744186046513,4.6,17.62046511627907,13.752558139534884,31.8,2.292093023255814,56.2,21.8,BUF,106.0,0.07142857142857142,0.6428571428571429,9.0,0.0,0.2857142857142857,0.21428571428571427,4.428571428571429,0.0,0.7,0.0,0.0,0.0,0.0,0.0,0.0,0.0,0.0,0.0,9.2,13.8,0.8,3.1,3.1,3.9,7.8,0.7960810496399864,1.7278699905557169
Marcus Murphy,3900.0,0.0,25.9,22.1,63.3058064516129,371.99290322580646,5.9,21.101935483870967,12.261935483870968,40.7,3.065483870967742,62.8,115.98935483870967,5.0,17.8,0.4990322580645161,False,13.0,45.0,16.0,15.4,63.677209302325586,294.24744186046513,4.6,17.62046511627907,13.752558139534884,31.8,2.292093023255814,56.2,21.8,BUF,81.0,4.7272727272727275,22.727272727272727,4.8,0.0,1.7272727272727273,1.0,2.3636363636363638,0.0,3.5,0.7272727272727273,1.3636363636363635,1.9,0.0,0.18181818181818182,0.18181818181818182,0.45454545454545453,0.0,0.4,17.8,26.1,26.5,9.7,32.1,36.2,19.7,4.185502295499072,5.412713670234996
Christian McCaffrey,8800.0,23.19,31.73,27.2,63.60944881889763,377.15905511811025,5.9,23.130708661417323,12.20787401574803,49.1,3.2839895013123357,73.9,126.07664041994751,4.9,15.9,1.142257217847769,True,3.5,43.5,20.0,23.8,61.393993993993995,368.93573573573576,6.0,21.584384384384386,11.292492492492492,40.5,3.5735735735735736,64.0,16.9,CAR,2.0,13.857142857142858,69.92857142857143,5.0,0.5,7.857142857142857,6.714285714285714,54.857142857142854,0.42857142857142855,26.2,2.7857142857142856,8.0,2.9,0.5,1.0,0.8571428571428571,5.428571428571429,0.35714285714285715,7.3,62.4,97.7,22.2,12.6,33.1,34.9,42.0,23.075325074352072,27.958627449756122
Cameron Artis-Payne,3000.0,2.32,31.73,27.2,63.60944881889763,377.15905511811025,5.9,23.130708661417323,12.20787401574803,49.1,3.2839895013123357,73.9,126.07664041994751,4.9,15.9,1.142257217847769,True,3.5,43.5,20.0,23.8,61.393993993993995,368.93573573573576,6.0,21.584384384384386,11.292492492492492,40.5,3.5735735735735736,64.0,16.9,CAR,146.0,0.2857142857142857,0.8571428571428571,3.0,0.0,0.0,0.0,0.0,0.0,0.1,0.0,0.0,0.0,0.0,0.0,0.0,0.0,0.0,0.0,0.9,0.9,33.3,0.0,33.3,33.3,10.0,2.1003780411163797,2.24962339041033
Alex Armah,3000.0,0.47,31.73,27.2,63.60944881889763,377.15905511811025,5.9,23.130708661417323,12.20787401574803,49.1,3.2839895013123357,73.9,126.07664041994751,4.9,15.9,1.142257217847769,True,3.5,43.5,20.0,23.8,61.393993993993995,368.93573573573576,6.0,21.584384384384386,11.292492492492492,40.5,3.5735735735735736,64.0,16.9,CAR,100.0,0.5714285714285714,1.0,1.8,0.14285714285714285,0.0,0.0,0.0,0.0,1.0,0.2857142857142857,0.14285714285714285,0.5,0.14285714285714285,0.0,0.0,0.0,0.0,0.9,6.7,10.5,8.5,0.0,8.5,8.5,14.3,2.0531630746765934,1.2977410828939078
Kenjon Barner,3000.0,0.15,31.73,27.2,63.60944881889763,377.15905511811025,5.9,23.130708661417323,12.20787401574803,49.1,3.2839895013123357,73.9,126.07664041994751,4.9,15.9,1.142257217847769,True,3.5,43.5,20.0,23.8,61.393993993993995,368.93573573573576,6.0,21.584384384384386,11.292492492492492,40.5,3.5735735735735736,64.0,16.9,CAR,111.0,2.375,8.875,3.7,0.0,0.0,0.0,0.0,0.0,0.9,0.375,1.0,2.7,0.0,0.0,0.0,0.0,0.0,0.1,5.2,5.1,45.2,0.0,45.2,45.2,16.9,3.6334952600164803,2.8267682528817657
Tarik Cohen,6400.0,14.06,26.92,26.6,63.6117962466488,345.4434316353888,5.4,20.609651474530832,13.47828418230563,38.1,3.5656836461126007,64.0,111.89115281501341,4.2,21.7,0.7844504021447722,False,-4.0,42.5,23.25,27.4,63.671018276762396,346.6135770234987,5.4,21.03289817232376,12.519582245430808,39.4,3.433942558746736,64.6,19.1,CHI,11.0,6.285714285714286,29.142857142857142,4.6,0.14285714285714285,6.214285714285714,4.857142857142857,50.714285714285715,0.35714285714285715,16.3,0.7857142857142857,3.642857142857143,4.6,0.07142857142857142,1.0,0.7857142857142857,5.428571428571429,0.2857142857142857,4.1,31.6,47.0,19.9,19.6,35.4,39.7,51.7,13.711570843394599,14.67780039783961
Jordan Howard,4300.0,10.73,26.92,26.6,63.6117962466488,345.4434316353888,5.4,20.609651474530832,13.47828418230563,38.1,3.5656836461126007,64.0,111.89115281501341,4.2,21.7,0.7844504021447722,False,-4.0,42.5,23.25,27.4,63.671018276762396,346.6135770234987,5.4,21.03289817232376,12.519582245430808,39.4,3.433942558746736,64.6,19.1,CHI,29.0,15.428571428571429,55.214285714285715,3.6,0.42857142857142855,1.5714285714285714,1.2142857142857142,8.785714285714286,0.0,10.3,2.0714285714285716,6.642857142857143,3.2,0.42857142857142855,0.21428571428571427,0.14285714285714285,0.35714285714285715,0.0,3.3,38.8,57.6,39.8,4.1,42.9,43.8,26.6,11.695328719043292,12.171588832801179
Taquan Mizzell,3000.0,1.39,26.92,26.6,63.6117962466488,345.4434316353888,5.4,20.609651474530832,13.47828418230563,38.1,3.5656836461126007,64.0,111.89115281501341,4.2,21.7,0.7844504021447722,False,-4.0,42.5,23.25,27.4,63.671018276762396,346.6135770234987,5.4,21.03289817232376,12.519582245430808,39.4,3.433942558746736,64.6,19.1,CHI,96.0,1.1428571428571428,2.142857142857143,1.9,0.0,1.1428571428571428,0.8571428571428571,7.285714285714286,0.14285714285714285,2.7,0.14285714285714285,0.0,0.0,0.0,0.2857142857142857,0.14285714285714285,1.4285714285714286,0.14285714285714285,1.1,7.9,12.1,14.5,14.5,25.5,29.1,33.8,2.4154374049338196,3.2957906815552986
Benjamin Cunningham,3000.0,0.34,26.92,26.6,63.6117962466488,345.4434316353888,5.4,20.609651474530832,13.47828418230563,38.1,3.5656836461126007,64.0,111.89115281501341,4.2,21.7,0.7844504021447722,False,-4.0,42.5,23.25,27.4,63.671018276762396,346.6135770234987,5.4,21.03289817232376,12.519582245430808,39.4,3.433942558746736,64.6,19.1,CHI,134.0,0.38461538461538464,0.5384615384615384,1.4,0.0,0.15384615384615385,0.07692307692307693,0.6923076923076923,0.0,0.2,0.0,0.0,0.0,0.0,0.0,0.0,0.0,0.0,0.0,2.2,3.1,17.2,6.9,20.7,24.1,9.0,0.5843568169920026,0.90976244961008
Michael Burton,3000.0,0.2,26.92,26.6,63.6117962466488,345.4434316353888,5.4,20.609651474530832,13.47828418230563,38.1,3.5656836461126007,64.0,111.89115281501341,4.2,21.7,0.7844504021447722,False,-4.0,42.5,23.25,27.4,63.671018276762396,346.6135770234987,5.4,21.03289817232376,12.519582245430808,39.4,3.433942558746736,64.6,19.1,CHI,137.0,0.0,0.0,0.0,0.0,0.14285714285714285,0.14285714285714285,0.8571428571428571,0.0,0.2,0.0,0.0,0.0,0.0,0.0,0.0,0.0,0.0,0.0,6.1,5.9,0.0,2.3,2.3,2.3,3.7,0.044833826357418616,0.32451983986575217
Joe Mixon,7100.0,16.91,28.29,24.9,71.76637931034482,401.83448275862065,5.6,24.184482758620685,13.523275862068964,37.6,3.4344827586206894,62.5,126.28879310344826,4.5,22.2,1.2879310344827586,False,10.0,44.5,17.25,24.1,60.500296735905046,326.60148367952524,5.4,20.02373887240356,11.94272997032641,38.9,3.003560830860534,71.4,24.0,CIN,10.0,17.25,82.91666666666667,4.8,0.6666666666666666,4.333333333333333,3.3333333333333335,23.666666666666668,0.08333333333333333,19.2,2.5833333333333335,6.333333333333333,2.5,0.6666666666666666,0.6666666666666666,0.4166666666666667,3.0,0.08333333333333333,5.8,43.7,63.3,39.5,9.9,47.1,49.4,44.1,17.44500810181303,18.912285296443766
Giovani Bernard,3900.0,5.95,28.29,24.9,71.76637931034482,401.83448275862065,5.6,24.184482758620685,13.523275862068964,37.6,3.4344827586206894,62.5,126.28879310344826,4.5,22.2,1.2879310344827586,False,10.0,44.5,17.25,24.1,60.500296735905046,326.60148367952524,5.4,20.02373887240356,11.94272997032641,38.9,3.003560830860534,71.4,24.0,CIN,49.0,5.3,20.4,3.8,0.3,4.1,3.1,21.0,0.0,9.0,0.8,2.3,2.9,0.3,0.1,0.1,1.4,0.0,2.3,29.8,41.3,17.8,13.8,28.2,31.5,30.3,9.690854210995335,10.322238243823174
Mark Walton,3000.0,0.45,28.29,24.9,71.76637931034482,401.83448275862065,5.6,24.184482758620685,13.523275862068964,37.6,3.4344827586206894,62.5,126.28879310344826,4.5,22.2,1.2879310344827586,False,10.0,44.5,17.25,24.1,60.500296735905046,326.60148367952524,5.4,20.02373887240356,11.94272997032641,38.9,3.003560830860534,71.4,24.0,CIN,103.0,1.1666666666666667,2.8333333333333335,2.4,0.0,0.6666666666666666,0.4166666666666667,3.4166666666666665,0.0,1.0,0.08333333333333333,0.3333333333333333,4.0,0.0,0.0,0.0,0.0,0.0,0.0,7.8,12.1,15.1,8.6,20.4,23.7,13.4,2.570014119563419,2.339129584547399
Nick Chubb,7300.0,17.08,32.21,29.5,68.0,413.0,6.1,23.642857142857142,14.0,50.5,3.7142857142857144,67.3,142.35714285714286,4.8,15.3,1.2142857142857142,True,-10.0,44.5,27.25,22.1,64.44045307443366,356.24627831715213,5.5,19.525242718446606,13.23139158576052,34.6,2.8608414239482203,70.0,23.3,CLE,14.0,11.714285714285714,61.42857142857143,5.2,0.5714285714285714,1.6428571428571428,1.1428571428571428,10.714285714285714,0.14285714285714285,13.3,1.5,3.2857142857142856,2.2,0.35714285714285715,0.2857142857142857,0.2857142857142857,2.7857142857142856,0.14285714285714285,3.9,23.9,34.6,49.1,6.9,53.9,56.0,55.7,12.117572692454514,15.511987458023986
Duke Johnson,3800.0,8.06,32.21,29.5,68.0,413.0,6.1,23.642857142857142,14.0,50.5,3.7142857142857144,67.3,142.35714285714286,4.8,15.3,1.2142857142857142,True,-10.0,44.5,27.25,22.1,64.44045307443366,356.24627831715213,5.5,19.525242718446606,13.23139158576052,34.6,2.8608414239482203,70.0,23.3,CLE,38.0,2.4285714285714284,12.0,4.9,0.0,3.7142857142857144,2.857142857142857,26.571428571428573,0.21428571428571427,8.3,0.2857142857142857,0.6428571428571429,2.2,0.0,0.42857142857142855,0.2857142857142857,2.7142857142857144,0.21428571428571427,2.2,27.9,40.5,8.7,13.3,19.0,22.1,29.7,9.47316902529164,9.613367338906789
Dontrell Hilliard,3300.0,1.35,32.21,29.5,68.0,413.0,6.1,23.642857142857142,14.0,50.5,3.7142857142857144,67.3,142.35714285714286,4.8,15.3,1.2142857142857142,True,-10.0,44.5,27.25,22.1,64.44045307443366,356.24627831715213,5.5,19.525242718446606,13.23139158576052,34.6,2.8608414239482203,70.0,23.3,CLE,98.0,0.0,0.0,0.0,0.0,1.0,0.8888888888888888,10.0,0.0,1.8,0.0,0.0,0.0,0.0,0.0,0.0,0.0,0.0,0.0,5.4,8.5,0.0,18.4,18.4,20.4,32.7,3.0945177982749916,1.8503133753906684
Ezekiel Elliott,9000.0,23.34,30.44,28.8,62.3166253101737,386.8347394540943,6.2,22.368238213399504,11.362779156327544,40.3,3.6446650124069477,78.4,128.20645161290324,4.8,21.8,1.2148883374689827,True,-7.5,47.5,27.5,19.7,64.381884057971,346.17753623188406,5.4,20.19963768115942,13.56159420289855,40.0,3.0692028985507247,44.2,21.9,DAL,5.0,20.428571428571427,96.42857142857143,4.7,0.42857142857142855,6.357142857142857,5.142857142857143,38.785714285714285,0.21428571428571427,24.0,2.642857142857143,7.142857142857143,2.7,0.35714285714285715,1.1428571428571428,0.7857142857142857,4.5,0.14285714285714285,4.9,60.3,88.9,33.9,10.5,42.4,44.4,39.7,21.991384322908818,27.49438474993143
Rod Smith,4000.0,2.48,30.44,28.8,62.3166253101737,386.8347394540943,6.2,22.368238213399504,11.362779156327544,40.3,3.6446650124069477,78.4,128.20645161290324,4.8,21.8,1.2148883374689827,True,-7.5,47.5,27.5,19.7,64.381884057971,346.17753623188406,5.4,20.19963768115942,13.56159420289855,40.0,3.0692028985507247,44.2,21.9,DAL,88.0,2.142857142857143,7.071428571428571,3.3,0.0,0.6428571428571429,0.5,3.2857142857142856,0.0,1.5,0.2857142857142857,0.5,1.8,0.0,0.07142857142857142,0.07142857142857142,0.0,0.0,0.1,7.1,10.4,30.3,9.1,37.4,39.4,21.7,3.259258920316792,3.4984079938701633
Jamize Olawale,3000.0,0.32,30.44,28.8,62.3166253101737,386.8347394540943,6.2,22.368238213399504,11.362779156327544,40.3,3.6446650124069477,78.4,128.20645161290324,4.8,21.8,1.2148883374689827,True,-7.5,47.5,27.5,19.7,64.381884057971,346.17753623188406,5.4,20.19963768115942,13.56159420289855,40.0,3.0692028985507247,44.2,21.9,DAL,131.0,0.0,0.0,0.0,0.0,0.21428571428571427,0.14285714285714285,0.9285714285714286,0.0,0.2,0.0,0.0,0.0,0.0,0.14285714285714285,0.07142857142857142,0.21428571428571427,0.0,0.1,6.8,10.0,0.0,3.2,2.1,3.2,3.5,0.739389073843375,0.7871366144917948
Phillip Lindsay,7200.0,16.5,27.84,29.9,61.30215311004785,385.76722488038274,6.3,20.028708133971293,12.732535885167463,46.1,4.077272727272727,57.9,146.63875598086125,4.8,11.4,1.0014354066985645,False,-2.5,44.5,23.5,21.9,62.90882352941176,352.97647058823526,5.6,20.182352941176468,12.81078431372549,33.0,2.8627450980392157,57.5,19.2,DEN,13.0,13.0,70.78571428571429,5.4,0.6428571428571429,3.2142857142857144,2.357142857142857,16.428571428571427,0.07142857142857142,16.0,2.0,5.714285714285714,2.9,0.42857142857142855,0.35714285714285715,0.2857142857142857,1.6428571428571428,0.0,3.6,30.9,46.6,42.1,10.4,49.8,52.5,51.9,14.292917174755956,16.344462781212588
Royce Freeman,3500.0,5.78,27.84,29.9,61.30215311004785,385.76722488038274,6.3,20.028708133971293,12.732535885167463,46.1,4.077272727272727,57.9,146.63875598086125,4.8,11.4,1.0014354066985645,False,-2.5,44.5,23.5,21.9,62.90882352941176,352.97647058823526,5.6,20.182352941176468,12.81078431372549,33.0,2.8627450980392157,57.5,19.2,DEN,52.0,8.833333333333334,36.666666666666664,4.2,0.4166666666666667,0.75,0.5,2.4166666666666665,0.0,6.8,1.4166666666666667,3.5833333333333335,2.5,0.3333333333333333,0.0,0.0,0.0,0.0,2.4,19.9,25.8,44.4,3.8,46.9,48.1,34.3,7.815111160689195,7.675096063274103
Devontae Booker,3200.0,3.53,27.84,29.9,61.30215311004785,385.76722488038274,6.3,20.028708133971293,12.732535885167463,46.1,4.077272727272727,57.9,146.63875598086125,4.8,11.4,1.0014354066985645,False,-2.5,44.5,23.5,21.9,62.90882352941176,352.97647058823526,5.6,20.182352941176468,12.81078431372549,33.0,2.8627450980392157,57.5,19.2,DEN,59.0,1.8571428571428572,10.571428571428571,5.7,0.07142857142857142,2.7857142857142856,2.142857142857143,16.714285714285715,0.0,5.2,0.14285714285714285,1.2142857142857142,8.5,0.07142857142857142,0.42857142857142855,0.2857142857142857,1.6428571428571428,0.0,1.0,18.4,27.7,10.1,15.2,21.8,25.3,28.5,7.097964126244219,5.073710254346481
Andy Janovich,3000.0,1.42,27.84,29.9,61.30215311004785,385.76722488038274,6.3,20.028708133971293,12.732535885167463,46.1,4.077272727272727,57.9,146.63875598086125,4.8,11.4,1.0014354066985645,False,-2.5,44.5,23.5,21.9,62.90882352941176,352.97647058823526,5.6,20.182352941176468,12.81078431372549,33.0,2.8627450980392157,57.5,19.2,DEN,102.0,0.14285714285714285,0.35714285714285715,2.5,0.0,0.5,0.35714285714285715,5.071428571428571,0.0,0.9,0.0,0.0,0.0,0.0,0.0,0.0,0.0,0.0,0.0,15.4,23.3,0.9,3.2,3.2,4.2,5.8,2.4491718238570632,1.4479547280501368
Theo Riddick,4100.0,9.82,23.31,22.0,61.5,314.2857142857143,5.1,19.214285714285715,11.428571428571429,28.8,3.2142857142857144,42.2,111.42857142857143,4.1,23.4,0.7142857142857143,True,5.5,42.5,18.5,20.3,62.75845070422535,329.58908450704223,5.3,20.228521126760565,12.723239436619718,36.0,3.216549295774648,51.1,23.3,DET,41.0,2.75,12.416666666666666,4.5,0.0,5.75,4.75,31.416666666666668,0.0,9.1,0.5833333333333334,1.5833333333333333,2.7,0.0,0.8333333333333334,0.6666666666666666,3.25,0.0,1.2,30.2,41.9,9.1,19.1,24.9,28.2,30.3,9.71023016331284,9.55020072317388
Zach Zenner,3600.0,8.59,23.31,22.0,61.5,314.2857142857143,5.1,19.214285714285715,11.428571428571429,28.8,3.2142857142857144,42.2,111.42857142857143,4.1,23.4,0.7142857142857143,True,5.5,42.5,18.5,20.3,62.75845070422535,329.58908450704223,5.3,20.228521126760565,12.723239436619718,36.0,3.216549295774648,51.1,23.3,DET,87.0,4.333333333333333,21.166666666666668,4.9,0.3333333333333333,0.8333333333333334,0.6666666666666666,0.6666666666666666,0.0,4.8,1.0,4.166666666666667,4.2,0.3333333333333333,0.0,0.0,0.0,0.0,2.4,9.0,13.6,48.1,9.3,55.6,57.4,53.9,4.85567501479526,5.6415479128156
LeGarrette Blount,3400.0,4.4,23.31,22.0,61.5,314.2857142857143,5.1,19.214285714285715,11.428571428571429,28.8,3.2142857142857144,42.2,111.42857142857143,4.1,23.4,0.7142857142857143,True,5.5,42.5,18.5,20.3,62.75845070422535,329.58908450704223,5.3,20.228521126760565,12.723239436619718,36.0,3.216549295774648,51.1,23.3,DET,54.0,9.428571428571429,26.714285714285715,2.8,0.35714285714285715,0.7857142857142857,0.5714285714285714,5.142857142857143,0.0,5.8,1.7857142857142858,1.7142857142857142,1.0,0.2857142857142857,0.0,0.0,0.0,0.0,1.9,17.3,26.1,54.5,4.5,57.9,59.1,33.7,6.369025858807854,5.351231339281635
Nick Bellore,3000.0,0.5,23.31,22.0,61.5,314.2857142857143,5.1,19.214285714285715,11.428571428571429,28.8,3.2142857142857144,42.2,111.42857142857143,4.1,23.4,0.7142857142857143,True,5.5,42.5,18.5,20.3,62.75845070422535,329.58908450704223,5.3,20.228521126760565,12.723239436619718,36.0,3.216549295774648,51.1,23.3,DET,128.0,0.08333333333333333,0.0,0.0,0.0,0.25,0.25,0.5833333333333334,0.0,0.3,0.0,0.0,0.0,0.0,0.16666666666666666,0.16666666666666666,0.0,0.0,0.2,7.5,9.7,1.1,3.3,4.4,4.4,4.1,-0.1742752922857962,0.6405298778600484
Kerryon Johnson,5200.0,0.0,23.31,22.0,61.5,314.2857142857143,5.1,19.214285714285715,11.428571428571429,28.8,3.2142857142857144,42.2,111.42857142857143,4.1,23.4,0.7142857142857143,True,5.5,42.5,18.5,20.3,62.75845070422535,329.58908450704223,5.3,20.228521126760565,12.723239436619718,36.0,3.216549295774648,51.1,23.3,DET,28.0,11.8,64.1,5.4,0.3,3.9,3.2,21.3,0.1,14.6,1.8,5.8,3.2,0.3,0.6,0.3,1.9,0.1,3.5,34.7,37.4,34.0,11.2,43.2,45.2,42.2,12.616414618919148,11.723629505292177
Jamaal Williams,5400.0,14.53,22.84,25.6,65.46183844011142,368.7398328690808,5.6,20.251810584958218,13.54874651810585,32.6,3.494150417827298,46.9,125.71810584958217,4.5,19.5,0.9983286908077994,False,-3.0,46.0,24.5,23.7,63.60451807228915,370.4909638554217,5.8,20.55903614457831,12.563855421686746,36.9,2.9981927710843372,59.5,26.0,GB,53.0,7.0,26.071428571428573,3.7,0.14285714285714285,2.0714285714285716,1.2857142857142858,9.5,0.0,5.8,0.6428571428571429,0.7857142857142857,1.2,0.14285714285714285,0.21428571428571427,0.14285714285714285,0.8571428571428571,0.0,1.3,28.4,42.9,24.6,7.3,29.1,31.9,20.6,7.700110531363421,8.643382357914518
Kapri Bibbs,3000.0,4.41,22.84,25.6,65.46183844011142,368.7398328690808,5.6,20.251810584958218,13.54874651810585,32.6,3.494150417827298,46.9,125.71810584958217,4.5,19.5,0.9983286908077994,False,-3.0,46.0,24.5,23.7,63.60451807228915,370.4909638554217,5.8,20.55903614457831,12.563855421686746,36.9,2.9981927710843372,59.5,26.0,WAS,70.0,2.0,10.1,5.0,0.3,1.8,1.3,10.2,0.1,5.7,0.7,2.3,3.3,0.3,0.0,0.0,0.0,0.0,2.0,16.0,21.1,12.5,11.2,20.6,23.8,35.8,5.56410072878366,5.9359630656065665
Dan Vitale,3000.0,0.24,22.84,25.6,65.46183844011142,368.7398328690808,5.6,20.251810584958218,13.54874651810585,32.6,3.494150417827298,46.9,125.71810584958217,4.5,19.5,0.9983286908077994,False,-3.0,46.0,24.5,23.7,63.60451807228915,370.4909638554217,5.8,20.55903614457831,12.563855421686746,36.9,2.9981927710843372,59.5,26.0,GB,150.0,0.0,0.0,0.0,0.0,0.0,0.0,0.0,0.0,0.0,0.0,0.0,0.0,0.0,0.0,0.0,0.0,0.0,0.0,3.0,2.6,0.0,0.0,0.0,0.0,0.0,0.1794951260546913,0.33689287416802927
Aaron Jones,5900.0,0.0,22.84,25.6,65.46183844011142,368.7398328690808,5.6,20.251810584958218,13.54874651810585,32.6,3.494150417827298,46.9,125.71810584958217,4.5,19.5,0.9983286908077994,False,-3.0,46.0,24.5,23.7,63.60451807228915,370.4909638554217,5.8,20.55903614457831,12.563855421686746,36.9,2.9981927710843372,59.5,26.0,GB,19.0,11.083333333333334,60.666666666666664,5.5,0.6666666666666666,2.9166666666666665,2.1666666666666665,17.166666666666668,0.08333333333333333,14.6,1.5,7.333333333333333,4.9,0.5,0.3333333333333333,0.16666666666666666,0.75,0.0,4.0,31.3,47.5,35.4,9.3,42.3,44.7,46.6,13.14679952250987,14.986333056333509
Lamar Miller,5000.0,9.23,27.06,22.7,63.888364779874216,385.4003144654088,6.0,19.63050314465409,13.063207547169812,37.7,3.783333333333333,43.4,104.79119496855346,4.9,27.9,0.8566037735849057,False,2.5,46.0,21.75,25.1,64.39005681818182,362.88039772727274,5.6,20.322443181818183,12.90653409090909,37.6,3.7079545454545455,50.0,25.0,HOU,21.0,14.846153846153847,70.53846153846153,4.8,0.3076923076923077,2.5384615384615383,1.7692307692307692,12.538461538461538,0.07692307692307693,13.2,2.230769230769231,2.6923076923076925,1.2,0.23076923076923078,0.15384615384615385,0.07692307692307693,0.3076923076923077,0.07692307692307693,2.2,42.7,58.3,34.8,5.9,38.9,40.7,31.0,12.551853900795996,11.94551786602512
Alfred Blue,4500.0,6.02,27.06,22.7,63.888364779874216,385.4003144654088,6.0,19.63050314465409,13.063207547169812,37.7,3.783333333333333,43.4,104.79119496855346,4.9,27.9,0.8566037735849057,False,2.5,46.0,21.75,25.1,64.39005681818182,362.88039772727274,5.6,20.322443181818183,12.90653409090909,37.6,3.7079545454545455,50.0,25.0,HOU,50.0,10.214285714285714,33.785714285714285,3.3,0.14285714285714285,1.3571428571428572,1.0,8.285714285714286,0.0,6.1,1.0,1.1428571428571428,1.1,0.14285714285714285,0.21428571428571427,0.14285714285714285,0.5,0.0,1.2,29.1,42.9,35.0,4.7,38.5,39.7,20.8,7.686280009824127,7.719587007857381
Gregory Howell Jr.,3000.0,0.24,27.06,22.7,63.888364779874216,385.4003144654088,6.0,19.63050314465409,13.063207547169812,37.7,3.783333333333333,43.4,104.79119496855346,4.9,27.9,0.8566037735849057,False,2.5,46.0,21.75,25.1,64.39005681818182,362.88039772727274,5.6,20.322443181818183,12.90653409090909,37.6,3.7079545454545455,50.0,25.0,HOU,150.0,0.0,0.0,0.0,0.0,0.0,0.0,0.0,0.0,0.0,0.0,0.0,0.0,0.0,0.0,0.0,0.0,0.0,0.0,0.2,0.3,0.0,0.0,0.0,0.0,0.0,-0.5941172806710782,0.3476233366136134
Marlon Mack,5500.0,13.32,29.05,24.9,64.39655172413792,366.4163793103448,5.7,21.179310344827584,12.736206896551723,38.8,3.577586206896551,52.0,128.64999999999998,4.4,18.2,1.1448275862068964,True,-10.0,47.0,28.5,26.6,66.78602150537635,381.91021505376347,5.7,22.881720430107528,13.586021505376346,48.4,3.7897849462365594,67.9,16.6,IND,24.0,15.8,75.5,4.8,0.7,2.0,1.3,10.0,0.1,15.8,2.8,8.9,3.2,0.7,0.2,0.2,1.1,0.0,5.8,34.7,51.4,45.5,5.8,49.3,51.3,45.7,14.567267487818949,15.468066821134657
Nyheim Hines,3700.0,8.81,29.05,24.9,64.39655172413792,366.4163793103448,5.7,21.179310344827584,12.736206896551723,38.8,3.577586206896551,52.0,128.64999999999998,4.4,18.2,1.1448275862068964,True,-10.0,47.0,28.5,26.6,66.78602150537635,381.91021505376347,5.7,22.881720430107528,13.586021505376346,48.4,3.7897849462365594,67.9,16.6,IND,30.0,5.857142857142857,22.0,3.8,0.07142857142857142,5.071428571428571,4.0,25.642857142857142,0.14285714285714285,10.0,1.5,3.7857142857142856,2.5,0.07142857142857142,0.5,0.42857142857142855,3.0,0.14285714285714285,2.4,33.0,46.7,17.7,15.4,29.9,33.1,30.5,11.723569563103398,11.341023844845065
Jordan Wilkins,3100.0,1.68,29.05,24.9,64.39655172413792,366.4163793103448,5.7,21.179310344827584,12.736206896551723,38.8,3.577586206896551,52.0,128.64999999999998,4.4,18.2,1.1448275862068964,True,-10.0,47.0,28.5,26.6,66.78602150537635,381.91021505376347,5.7,22.881720430107528,13.586021505376346,48.4,3.7897849462365594,67.9,16.6,IND,69.0,4.071428571428571,22.714285714285715,5.6,0.07142857142857142,1.1428571428571428,1.0714285714285714,5.714285714285714,0.0,4.2,0.2857142857142857,1.7857142857142858,6.2,0.07142857142857142,0.42857142857142855,0.35714285714285715,1.2142857142857142,0.0,1.1,13.2,18.7,30.8,8.6,38.9,39.5,31.8,6.41609456780543,6.505493630144364
Jonathan Williams,3000.0,0.0,29.05,24.9,64.39655172413792,366.4163793103448,5.7,21.179310344827584,12.736206896551723,38.8,3.577586206896551,52.0,128.64999999999998,4.4,18.2,1.1448275862068964,True,-10.0,47.0,28.5,26.6,66.78602150537635,381.91021505376347,5.7,22.881720430107528,13.586021505376346,48.4,3.7897849462365594,67.9,16.6,IND,143.0,1.0,0.0,0.0,0.0,0.3333333333333333,0.3333333333333333,0.3333333333333333,0.0,0.4,0.3333333333333333,-0.3333333333333333,-1.0,0.0,0.0,0.0,0.0,0.0,0.0,6.0,3.2,16.7,5.6,22.2,22.2,6.1,1.5700336944370132,2.3591610469230644
Leonard Fournette,6000.0,12.73,29.59,26.7,64.39411764705882,402.0705882352941,6.2,21.988235294117647,12.279144385026738,42.4,3.8550802139037432,59.3,145.1366310160428,4.8,15.5,0.9280748663101605,False,4.0,38.5,17.25,16.1,64.11377777777778,319.7817777777778,5.0,18.032,14.597333333333335,41.2,2.146666666666667,46.7,20.4,JAX,43.0,16.428571428571427,56.57142857142857,3.4,0.5714285714285714,3.0,2.7142857142857144,22.428571428571427,0.14285714285714285,14.9,2.7142857142857144,5.0,1.8,0.5714285714285714,0.2857142857142857,0.2857142857142857,0.8571428571428571,0.14285714285714285,5.2,33.0,42.8,49.8,9.1,58.0,58.9,45.2,13.351884101630736,14.055186480215474
TJ Yeldon,4000.0,6.93,29.59,26.7,64.39411764705882,402.0705882352941,6.2,21.988235294117647,12.279144385026738,42.4,3.8550802139037432,59.3,145.1366310160428,4.8,15.5,0.9280748663101605,False,4.0,38.5,17.25,16.1,64.11377777777778,319.7817777777778,5.0,18.032,14.597333333333335,41.2,2.146666666666667,46.7,20.4,JAX,20.0,7.428571428571429,29.571428571428573,4.0,0.07142857142857142,5.5,3.9285714285714284,34.785714285714285,0.2857142857142857,12.4,0.8571428571428571,3.142857142857143,3.7,0.07142857142857142,0.5,0.2857142857142857,2.9285714285714284,0.21428571428571427,2.6,36.2,54.8,20.5,15.2,31.4,35.7,34.3,12.017682239256587,12.486207716464827
David Williams,3000.0,3.47,29.59,26.7,64.39411764705882,402.0705882352941,6.2,21.988235294117647,12.279144385026738,42.4,3.8550802139037432,59.3,145.1366310160428,4.8,15.5,0.9280748663101605,False,4.0,38.5,17.25,16.1,64.11377777777778,319.7817777777778,5.0,18.032,14.597333333333335,41.2,2.146666666666667,46.7,20.4,JAX,129.0,3.0,17.0,5.7,0.0,0.0,0.0,0.0,0.0,1.7,0.0,0.0,0.0,0.0,0.0,0.0,0.0,0.0,0.0,7.0,11.7,42.9,0.0,42.9,42.9,24.3,2.907188226675516,5.543441595914941
Carlos Hyde,3200.0,2.47,29.59,26.7,64.39411764705882,402.0705882352941,6.2,21.988235294117647,12.279144385026738,42.4,3.8550802139037432,59.3,145.1366310160428,4.8,15.5,0.9280748663101605,False,4.0,38.5,17.25,16.1,64.11377777777778,319.7817777777778,5.0,18.032,14.597333333333335,41.2,2.146666666666667,46.7,20.4,JAX,48.0,12.833333333333334,42.583333333333336,3.3,0.4166666666666667,1.1666666666666667,0.6666666666666666,2.25,0.0,7.6,1.8333333333333333,3.1666666666666665,1.7,0.4166666666666667,0.16666666666666666,0.0,0.0,0.0,2.8,27.2,35.5,47.1,4.3,49.5,51.4,27.8,8.453612328467798,9.055098520125426
Tommy Bohanon,3000.0,0.2,29.59,26.7,64.39411764705882,402.0705882352941,6.2,21.988235294117647,12.279144385026738,42.4,3.8550802139037432,59.3,145.1366310160428,4.8,15.5,0.9280748663101605,False,4.0,38.5,17.25,16.1,64.11377777777778,319.7817777777778,5.0,18.032,14.597333333333335,41.2,2.146666666666667,46.7,20.4,JAX,109.0,0.07142857142857142,0.0,0.0,0.0,0.5714285714285714,0.35714285714285715,2.4285714285714284,0.0,0.6,0.07142857142857142,0.0,0.0,0.0,0.07142857142857142,0.0,0.0,0.0,0.0,9.7,14.7,0.7,5.9,4.4,6.6,6.2,0.6415119572167356,0.6927970281452207
Corey Grant,3000.0,0.0,29.59,26.7,64.39411764705882,402.0705882352941,6.2,21.988235294117647,12.279144385026738,42.4,3.8550802139037432,59.3,145.1366310160428,4.8,15.5,0.9280748663101605,False,4.0,38.5,17.25,16.1,64.11377777777778,319.7817777777778,5.0,18.032,14.597333333333335,41.2,2.146666666666667,46.7,20.4,JAX,95.0,2.6,8.0,3.1,0.0,2.4,1.8,13.4,0.0,3.9,0.0,0.0,0.0,0.0,0.4,0.4,2.2,0.0,0.6,13.0,18.5,20.0,18.5,33.8,38.5,30.3,4.4969887318442865,5.956428374951072
Damien Williams,5700.0,11.51,26.26,20.9,59.479109589041094,360.45342465753424,6.1,20.685273972602737,11.022602739726027,35.7,3.220890410958904,48.9,112.51643835616437,4.9,21.7,0.6441780821917807,False,-2.5,53.0,27.75,35.6,62.92424849699399,426.7719438877756,6.8,24.541883767535072,11.058116232464931,47.1,4.565931863727455,73.4,17.0,KC,68.0,2.1666666666666665,8.5,3.9,0.25,1.3333333333333333,1.25,9.583333333333334,0.08333333333333333,5.1,0.5833333333333334,2.0,3.4,0.25,0.4166666666666667,0.4166666666666667,1.9166666666666667,0.08333333333333333,2.8,11.5,14.8,18.8,11.6,29.7,30.4,44.0,4.688498474100443,8.646816834687499
Spencer Ware,6300.0,10.15,26.26,20.9,59.479109589041094,360.45342465753424,6.1,20.685273972602737,11.022602739726027,35.7,3.220890410958904,48.9,112.51643835616437,4.9,21.7,0.6441780821917807,False,-2.5,53.0,27.75,35.6,62.92424849699399,426.7719438877756,6.8,24.541883767535072,11.058116232464931,47.1,4.565931863727455,73.4,17.0,KC,58.0,3.923076923076923,18.923076923076923,4.8,0.15384615384615385,1.7692307692307692,1.5384615384615385,17.23076923076923,0.0,6.1,0.9230769230769231,1.6153846153846154,1.8,0.15384615384615385,0.15384615384615385,0.07692307692307693,0.3076923076923077,0.0,1.2,19.0,26.5,20.6,9.3,28.7,30.0,32.0,6.76312175889883,8.845733311120421
Darrel Williams,3500.0,2.42,26.26,20.9,59.479109589041094,360.45342465753424,6.1,20.685273972602737,11.022602739726027,35.7,3.220890410958904,48.9,112.51643835616437,4.9,21.7,0.6441780821917807,False,-2.5,53.0,27.75,35.6,62.92424849699399,426.7719438877756,6.8,24.541883767535072,11.058116232464931,47.1,4.565931863727455,73.4,17.0,KC,101.0,0.6666666666666666,4.333333333333333,6.5,0.0,1.0,1.0,9.0,0.3333333333333333,4.3,0.3333333333333333,1.6666666666666667,5.0,0.0,0.3333333333333333,0.3333333333333333,3.6666666666666665,0.3333333333333333,2.9,6.7,4.3,10.0,15.0,25.0,25.0,65.0,3.3072851282458795,7.619703345484928
Charcandrick West,3000.0,1.45,26.26,20.9,59.479109589041094,360.45342465753424,6.1,20.685273972602737,11.022602739726027,35.7,3.220890410958904,48.9,112.51643835616437,4.9,21.7,0.6441780821917807,False,-2.5,53.0,27.75,35.6,62.92424849699399,426.7719438877756,6.8,24.541883767535072,11.058116232464931,47.1,4.565931863727455,73.4,17.0,KC,150.0,0.0,0.0,0.0,0.0,0.0,0.0,0.0,0.0,0.0,0.0,0.0,0.0,0.0,0.0,0.0,0.0,0.0,0.0,1.0,0.7,0.0,0.0,0.0,0.0,0.0,-0.12635410078425213,0.5542532453780591
Anthony Sherman,3000.0,1.16,26.26,20.9,59.479109589041094,360.45342465753424,6.1,20.685273972602737,11.022602739726027,35.7,3.220890410958904,48.9,112.51643835616437,4.9,21.7,0.6441780821917807,False,-2.5,53.0,27.75,35.6,62.92424849699399,426.7719438877756,6.8,24.541883767535072,11.058116232464931,47.1,4.565931863727455,73.4,17.0,KC,93.0,0.07142857142857142,0.14285714285714285,2.0,0.0,0.5,0.42857142857142855,5.5,0.07142857142857142,1.4,0.0,0.0,0.0,0.0,0.21428571428571427,0.14285714285714285,1.0,0.0,0.2,6.4,9.7,1.1,7.8,7.8,8.9,22.1,1.4757251690315583,1.2434522366250353
Melvin Gordon,8200.0,17.21,18.89,18.1,61.597233201581034,290.6731225296443,4.7,18.171541501976286,13.378260869565219,34.2,2.7185770750988145,63.2,87.70988142292491,3.8,24.7,0.7154150197628459,True,-4.5,43.0,23.75,28.2,59.46987341772152,391.80151898734175,6.6,21.91746835443038,10.923037974683544,40.5,3.569620253164557,62.0,18.7,LAC,7.0,15.3,80.2,5.2,0.9,6.0,4.4,45.3,0.4,26.4,2.0,11.1,5.6,0.7,1.3,0.8,3.3,0.3,8.6,45.1,54.3,33.9,13.3,43.7,47.2,58.4,19.600528174961305,18.024536870800766
Austin Ekeler,5600.0,5.61,18.89,18.1,61.597233201581034,290.6731225296443,4.7,18.171541501976286,13.378260869565219,34.2,2.7185770750988145,63.2,87.70988142292491,3.8,24.7,0.7154150197628459,True,-4.5,43.0,23.75,28.2,59.46987341772152,391.80151898734175,6.6,21.91746835443038,10.923037974683544,40.5,3.569620253164557,62.0,18.7,LAC,25.0,7.538461538461538,38.15384615384615,5.1,0.15384615384615385,4.0,3.0,31.076923076923077,0.23076923076923078,12.2,1.1538461538461537,3.3076923076923075,2.9,0.15384615384615385,0.38461538461538464,0.3076923076923077,2.1538461538461537,0.07692307692307693,2.2,25.6,38.1,29.4,15.6,41.1,45.0,47.4,11.683968496736746,10.78694921082148
Justin Jackson,5400.0,3.3,18.89,18.1,61.597233201581034,290.6731225296443,4.7,18.171541501976286,13.378260869565219,34.2,2.7185770750988145,63.2,87.70988142292491,3.8,24.7,0.7154150197628459,True,-4.5,43.0,23.75,28.2,59.46987341772152,391.80151898734175,6.6,21.91746835443038,10.923037974683544,40.5,3.569620253164557,62.0,18.7,LAC,74.0,6.142857142857143,28.142857142857142,4.6,0.2857142857142857,1.2857142857142858,1.1428571428571428,12.571428571428571,0.0,6.9,0.7142857142857143,4.285714285714286,6.0,0.2857142857142857,0.14285714285714285,0.0,0.0,0.0,2.1,16.6,27.4,37.1,7.8,44.0,44.8,41.8,7.783749999948019,9.059218284557716
Detrez Newsome,3200.0,1.98,18.89,18.1,61.597233201581034,290.6731225296443,4.7,18.171541501976286,13.378260869565219,34.2,2.7185770750988145,63.2,87.70988142292491,3.8,24.7,0.7154150197628459,True,-4.5,43.0,23.75,28.2,59.46987341772152,391.80151898734175,6.6,21.91746835443038,10.923037974683544,40.5,3.569620253164557,62.0,18.7,LAC,108.0,1.375,6.125,4.5,0.0,0.25,0.25,2.375,0.0,1.1,0.375,0.875,2.3,0.0,0.0,0.0,0.0,0.0,0.1,3.6,5.8,37.9,6.9,44.8,44.8,30.3,2.9876642582617863,3.1223971468987615
Derek Watt,3000.0,0.23,18.89,18.1,61.597233201581034,290.6731225296443,4.7,18.171541501976286,13.378260869565219,34.2,2.7185770750988145,63.2,87.70988142292491,3.8,24.7,0.7154150197628459,True,-4.5,43.0,23.75,28.2,59.46987341772152,391.80151898734175,6.6,21.91746835443038,10.923037974683544,40.5,3.569620253164557,62.0,18.7,LAC,139.0,0.21428571428571427,0.21428571428571427,1.0,0.0,0.07142857142857142,0.07142857142857142,0.14285714285714285,0.0,0.1,0.07142857142857142,0.0,0.0,0.0,0.0,0.0,0.0,0.0,0.0,8.7,14.0,2.5,0.8,3.3,3.3,1.2,0.97891206795064,0.5262670742788866
Todd Gurley,9200.0,21.07,31.06,26.2,66.89209809264304,356.16294277929154,5.3,21.98801089918256,12.992915531335148,37.4,3.2839237057220707,60.9,144.77820163487738,4.7,24.4,1.427792915531335,False,-14.0,44.5,29.25,32.0,65.85714285714286,421.42857142857144,6.4,24.285714285714285,11.857142857142858,42.2,5.071428571428571,54.9,19.1,LAR,1.0,18.285714285714285,89.35714285714286,4.9,1.2142857142857142,5.785714285714286,4.214285714285714,41.42857142857143,0.2857142857142857,27.9,4.571428571428571,14.571428571428571,3.2,1.2142857142857142,1.3571428571428572,0.6428571428571429,5.571428571428571,0.21428571428571427,11.7,58.9,86.0,31.0,9.8,38.2,40.8,47.4,23.854271239038717,27.125410641866303
John Kelly,4000.0,2.7,31.06,26.2,66.89209809264304,356.16294277929154,5.3,21.98801089918256,12.992915531335148,37.4,3.2839237057220707,60.9,144.77820163487738,4.7,24.4,1.427792915531335,False,-14.0,44.5,29.25,32.0,65.85714285714286,421.42857142857144,6.4,24.285714285714285,11.857142857142858,42.2,5.071428571428571,54.9,19.1,LAR,147.0,1.0,2.0,2.0,0.0,0.0,0.0,0.0,0.0,0.2,0.0,0.0,0.0,0.0,0.0,0.0,0.0,0.0,0.0,3.5,1.3,28.6,0.0,28.6,28.6,5.7,2.409587952728259,3.188598586086686
Justin Davis,3000.0,1.74,31.06,26.2,66.89209809264304,356.16294277929154,5.3,21.98801089918256,12.992915531335148,37.4,3.2839237057220707,60.9,144.77820163487738,4.7,24.4,1.427792915531335,False,-14.0,44.5,29.25,32.0,65.85714285714286,421.42857142857144,6.4,24.285714285714285,11.857142857142858,42.2,5.071428571428571,54.9,19.1,LAR,135.0,0.2,1.9,9.5,0.0,0.0,0.0,0.0,0.0,0.2,0.0,0.0,0.0,0.0,0.0,0.0,0.0,0.0,0.0,0.5,0.6,40.0,0.0,40.0,40.0,38.0,3.6816940931569473,3.3008602366050708
Kenyan Drake,3900.0,11.12,21.36,20.6,60.80207612456748,317.7674740484429,5.2,18.10519031141869,13.258131487889274,38.7,2.922491349480969,51.2,119.32318339100347,4.4,19.6,0.997923875432526,True,-4.0,38.5,21.25,21.1,55.3606779661017,302.55254237288136,5.5,16.021694915254237,11.801694915254238,30.9,2.0027118644067796,50.0,26.2,MIA,15.0,7.357142857142857,33.5,4.6,0.2857142857142857,4.5,3.142857142857143,28.142857142857142,0.35714285714285715,13.1,0.8571428571428571,3.5,4.1,0.21428571428571427,0.5,0.21428571428571427,1.1428571428571428,0.07142857142857142,2.3,33.1,57.1,22.2,13.6,31.7,35.8,39.5,12.483387872026306,11.26438767052478
Kalen Ballage,3700.0,10.53,21.36,20.6,60.80207612456748,317.7674740484429,5.2,18.10519031141869,13.258131487889274,38.7,2.922491349480969,51.2,119.32318339100347,4.4,19.6,0.997923875432526,True,-4.0,38.5,21.25,21.1,55.3606779661017,302.55254237288136,5.5,16.021694915254237,11.801694915254238,30.9,2.0027118644067796,50.0,26.2,MIA,85.0,2.0,13.4,6.7,0.1,0.6,0.6,1.6,0.0,3.0,0.1,-0.2,-2.0,0.0,0.1,0.1,-0.3,0.0,0.0,5.2,9.1,38.5,11.5,50.0,50.0,57.7,4.029766335831626,5.334103352366586
Brandon Bolden,3300.0,1.82,21.36,20.6,60.80207612456748,317.7674740484429,5.2,18.10519031141869,13.258131487889274,38.7,2.922491349480969,51.2,119.32318339100347,4.4,19.6,0.997923875432526,True,-4.0,38.5,21.25,21.1,55.3606779661017,302.55254237288136,5.5,16.021694915254237,11.801694915254238,30.9,2.0027118644067796,50.0,26.2,MIA,89.0,0.2857142857142857,5.857142857142857,20.5,0.14285714285714285,0.07142857142857142,0.07142857142857142,0.0,0.0,1.5,0.07142857142857142,0.42857142857142855,6.0,0.07142857142857142,0.0,0.0,0.0,0.0,0.5,0.7,1.2,40.0,10.0,50.0,50.0,212.0,5.030597164522787,3.6024231985517496
Senorise Perry,3000.0,0.4,21.36,20.6,60.80207612456748,317.7674740484429,5.2,18.10519031141869,13.258131487889274,38.7,2.922491349480969,51.2,119.32318339100347,4.4,19.6,0.997923875432526,True,-4.0,38.5,21.25,21.1,55.3606779661017,302.55254237288136,5.5,16.021694915254237,11.801694915254238,30.9,2.0027118644067796,50.0,26.2,MIA,150.0,0.0,0.0,0.0,0.0,0.0,0.0,0.0,0.0,0.0,0.0,0.0,0.0,0.0,0.0,0.0,0.0,0.0,0.0,0.0,0.0,0.0,0.0,0.0,0.0,0.0,0.08369796040974808,0.8714690432913276
Frank Gore,3300.0,0.0,21.36,20.6,60.80207612456748,317.7674740484429,5.2,18.10519031141869,13.258131487889274,38.7,2.922491349480969,51.2,119.32318339100347,4.4,19.6,0.997923875432526,True,-4.0,38.5,21.25,21.1,55.3606779661017,302.55254237288136,5.5,16.021694915254237,11.801694915254238,30.9,2.0027118644067796,50.0,26.2,MIA,42.0,11.142857142857142,51.57142857142857,4.6,0.0,1.1428571428571428,0.8571428571428571,8.857142857142858,0.07142857142857142,7.5,0.9285714285714286,2.9285714285714284,3.2,0.0,0.21428571428571427,0.21428571428571427,1.5714285714285714,0.07142857142857142,1.1,23.6,40.7,47.1,4.8,50.8,52.0,31.9,9.536563112784524,10.059056445816694
Dalvin Cook,6900.0,16.07,26.69,23.8,59.178378378378376,346.27927927927925,5.9,20.726726726726728,11.221021021021022,38.2,3.001801801801802,59.5,115.42642642642643,4.5,16.9,0.7861861861861862,False,-5.5,42.5,24.0,23.1,63.86470588235294,359.3730650154799,5.6,20.16780185758514,12.873065015479877,37.8,3.1467492260061922,54.5,24.5,MIN,33.0,11.777777777777779,55.888888888888886,4.7,0.2222222222222222,4.555555555555555,3.6666666666666665,27.666666666666668,0.2222222222222222,14.8,1.2222222222222223,1.8888888888888888,1.5,0.1111111111111111,0.2222222222222222,0.2222222222222222,0.6666666666666666,0.1111111111111111,1.7,43.4,58.8,27.1,10.5,35.5,37.6,34.1,13.179560748242075,13.361296865715977
Latavius Murray,3800.0,5.99,26.69,23.8,59.178378378378376,346.27927927927925,5.9,20.726726726726728,11.221021021021022,38.2,3.001801801801802,59.5,115.42642642642643,4.5,16.9,0.7861861861861862,False,-5.5,42.5,24.0,23.1,63.86470588235294,359.3730650154799,5.6,20.16780185758514,12.873065015479877,37.8,3.1467492260061922,54.5,24.5,MIN,35.0,9.214285714285714,38.42857142857143,4.2,0.42857142857142855,1.7142857142857142,1.4285714285714286,9.642857142857142,0.0,9.2,1.2857142857142858,4.142857142857143,3.2,0.2857142857142857,0.14285714285714285,0.14285714285714285,0.7142857142857143,0.0,2.5,31.6,47.4,29.2,5.4,33.7,34.6,29.0,8.780462720937562,8.642484000946162
Ameer Abdullah,3000.0,0.59,26.69,23.8,59.178378378378376,346.27927927927925,5.9,20.726726726726728,11.221021021021022,38.2,3.001801801801802,59.5,115.42642642642643,4.5,16.9,0.7861861861861862,False,-5.5,42.5,24.0,23.1,63.86470588235294,359.3730650154799,5.6,20.16780185758514,12.873065015479877,37.8,3.1467492260061922,54.5,24.5,MIN,122.0,0.125,0.125,1.0,0.0,0.5,0.375,3.5,0.0,0.6,0.0,0.0,0.0,0.0,0.125,0.125,1.25,0.0,0.2,2.1,2.9,5.9,23.5,23.5,29.4,28.8,0.2540091457108211,0.8499556499008493
CJ Ham,3000.0,0.39,26.69,23.8,59.178378378378376,346.27927927927925,5.9,20.726726726726728,11.221021021021022,38.2,3.001801801801802,59.5,115.42642642642643,4.5,16.9,0.7861861861861862,False,-5.5,42.5,24.0,23.1,63.86470588235294,359.3730650154799,5.6,20.16780185758514,12.873065015479877,37.8,3.1467492260061922,54.5,24.5,MIN,92.0,0.35714285714285715,0.5,1.4,0.0,1.0714285714285714,0.7857142857142857,6.071428571428571,0.0,1.4,0.07142857142857142,0.0,0.0,0.0,0.0,0.0,0.0,0.0,0.0,9.8,14.7,3.6,10.9,11.7,14.6,14.7,1.390432596338921,1.3418897267198502
Mike Boone,3000.0,0.13,26.69,23.8,59.178378378378376,346.27927927927925,5.9,20.726726726726728,11.221021021021022,38.2,3.001801801801802,59.5,115.42642642642643,4.5,16.9,0.7861861861861862,False,-5.5,42.5,24.0,23.1,63.86470588235294,359.3730650154799,5.6,20.16780185758514,12.873065015479877,37.8,3.1467492260061922,54.5,24.5,MIN,113.0,1.5714285714285714,6.714285714285714,4.3,0.0,0.42857142857142855,0.2857142857142857,0.14285714285714285,0.0,1.0,0.0,0.0,0.0,0.0,0.0,0.0,0.0,0.0,0.0,5.6,4.9,28.2,7.7,33.3,35.9,17.4,1.552358293385736,2.2640241811175135
James White,5200.0,12.21,26.79,23.8,59.60720720720721,292.3897897897898,4.9,18.296696696696696,12.793393393393393,38.0,3.1447447447447447,72.7,104.84864864864865,4.0,26.4,1.072072072072072,True,-13.0,45.0,29.0,26.7,66.82139037433156,394.78877005347596,5.9,22.91631016042781,12.707486631016042,41.6,3.5695187165775404,58.0,11.7,NE,8.0,5.857142857142857,25.285714285714285,4.3,0.2857142857142857,8.142857142857142,5.785714285714286,49.92857142857143,0.42857142857142855,17.6,1.2857142857142858,2.2142857142857144,1.7,0.21428571428571427,1.4285714285714286,1.0,6.285714285714286,0.42857142857142855,5.7,38.9,55.7,15.1,21.0,30.0,36.0,45.3,15.073184465300592,15.554619022796196
Sony Michel,4900.0,11.87,26.79,23.8,59.60720720720721,292.3897897897898,4.9,18.296696696696696,12.793393393393393,38.0,3.1447447447447447,72.7,104.84864864864865,4.0,26.4,1.072072072072072,True,-13.0,45.0,29.0,26.7,66.82139037433156,394.78877005347596,5.9,22.91631016042781,12.707486631016042,41.6,3.5695187165775404,58.0,11.7,NE,36.0,16.09090909090909,69.54545454545455,4.3,0.45454545454545453,1.0,0.6363636363636364,4.545454545454546,0.0,11.5,3.4545454545454546,7.636363636363637,2.2,0.36363636363636365,0.09090909090909091,0.09090909090909091,0.6363636363636364,0.0,3.1,24.9,30.4,64.6,4.0,67.2,68.6,46.2,11.851060669456267,11.12581815551279
Rex Burkhead,3300.0,6.39,26.79,23.8,59.60720720720721,292.3897897897898,4.9,18.296696696696696,12.793393393393393,38.0,3.1447447447447447,72.7,104.84864864864865,4.0,26.4,1.072072072072072,True,-13.0,45.0,29.0,26.7,66.82139037433156,394.78877005347596,5.9,22.91631016042781,12.707486631016042,41.6,3.5695187165775404,58.0,11.7,NE,86.0,6.5,22.166666666666668,3.4,0.0,2.1666666666666665,1.5,12.166666666666666,0.0,4.9,0.3333333333333333,0.8333333333333334,2.5,0.0,0.8333333333333334,0.16666666666666666,1.0,0.0,0.4,18.2,27.1,35.8,11.9,44.0,47.7,27.2,7.141036885264701,8.285742657110688
James Develin,3000.0,1.56,26.79,23.8,59.60720720720721,292.3897897897898,4.9,18.296696696696696,12.793393393393393,38.0,3.1447447447447447,72.7,104.84864864864865,4.0,26.4,1.072072072072072,True,-13.0,45.0,29.0,26.7,66.82139037433156,394.78877005347596,5.9,22.91631016042781,12.707486631016042,41.6,3.5695187165775404,58.0,11.7,NE,77.0,0.42857142857142855,0.5714285714285714,1.3,0.2857142857142857,1.2142857142857142,0.7857142857142857,4.214285714285714,0.0,3.0,0.2857142857142857,0.42857142857142855,1.5,0.2857142857142857,0.07142857142857142,0.07142857142857142,-0.07142857142857142,0.0,1.8,23.9,34.3,1.8,5.1,5.1,6.9,12.4,3.193336548781595,3.591641551738165
Alvin Kamara,7400.0,19.21,20.89,22.6,62.936708860759495,333.92215189873417,5.3,20.31139240506329,12.372784810126582,36.4,3.1468354430379746,56.8,96.97974683544304,4.1,26.2,0.7151898734177216,True,-5.5,53.5,29.5,32.8,64.17080610021786,386.09673202614374,6.0,24.010457516339866,11.576470588235292,44.4,4.430501089324618,67.7,11.8,NO,4.0,13.357142857142858,61.42857142857143,4.6,0.8571428571428571,7.071428571428571,5.5,44.785714285714285,0.2857142857142857,24.0,3.5714285714285716,12.357142857142858,3.5,0.7857142857142857,1.7142857142857142,1.4285714285714286,8.857142857142858,0.21428571428571427,10.0,44.0,66.1,30.4,16.1,42.9,46.4,54.7,20.284973461662464,20.88011507412436
Mark Ingram,5100.0,11.48,20.89,22.6,62.936708860759495,333.92215189873417,5.3,20.31139240506329,12.372784810126582,36.4,3.1468354430379746,56.8,96.97974683544304,4.1,26.2,0.7151898734177216,True,-5.5,53.5,29.5,32.8,64.17080610021786,386.09673202614374,6.0,24.010457516339866,11.576470588235292,44.4,4.430501089324618,67.7,11.8,NO,34.0,12.2,58.2,4.8,0.5,2.3,1.8,14.7,0.1,13.2,2.2,8.0,3.6,0.5,0.1,0.1,0.1,0.0,3.9,29.9,45.8,40.8,7.7,46.8,48.5,44.1,12.597983766965228,12.46770241988404
Zach Line,3000.0,0.54,20.89,22.6,62.936708860759495,333.92215189873417,5.3,20.31139240506329,12.372784810126582,36.4,3.1468354430379746,56.8,96.97974683544304,4.1,26.2,0.7151898734177216,True,-5.5,53.5,29.5,32.8,64.17080610021786,386.09673202614374,6.0,24.010457516339866,11.576470588235292,44.4,4.430501089324618,67.7,11.8,NO,91.0,0.42857142857142855,1.5714285714285714,3.7,0.0,0.6428571428571429,0.35714285714285715,1.0,0.14285714285714285,1.5,0.07142857142857142,-0.07142857142857142,-1.0,0.0,0.42857142857142855,0.35714285714285715,1.0,0.14285714285714285,1.3,14.2,21.4,3.0,4.5,5.5,7.5,10.4,2.2264310509551564,2.0509388321442095
Dwayne Washington,3000.0,0.37,20.89,22.6,62.936708860759495,333.92215189873417,5.3,20.31139240506329,12.372784810126582,36.4,3.1468354430379746,56.8,96.97974683544304,4.1,26.2,0.7151898734177216,True,-5.5,53.5,29.5,32.8,64.17080610021786,386.09673202614374,6.0,24.010457516339866,11.576470588235292,44.4,4.430501089324618,67.7,11.8,NO,124.0,3.2,9.2,2.9,0.0,0.0,0.0,0.0,0.0,0.9,0.0,0.0,0.0,0.0,0.0,0.0,0.0,0.0,0.0,4.4,6.4,72.7,0.0,72.7,72.7,20.9,3.28802379184924,1.8745640815067288
Saquon Barkley,7900.0,21.41,25.31,21.4,63.343999999999994,341.0446666666666,5.4,20.116,12.768666666666666,41.3,2.7819999999999996,51.3,103.43333333333332,3.9,26.5,0.7133333333333333,False,10.0,47.0,18.5,21.9,60.991856677524424,346.9758957654723,5.7,18.190553745928337,12.769055374592833,34.6,3.2100977198697067,46.7,32.7,NYG,3.0,15.928571428571429,82.5,5.2,0.6428571428571429,7.571428571428571,5.857142857142857,46.714285714285715,0.2857142857142857,25.8,2.857142857142857,6.214285714285714,2.2,0.35714285714285715,1.0,0.7142857142857143,4.428571428571429,0.21428571428571427,5.4,52.7,82.6,30.2,14.4,41.3,44.6,48.9,20.587404614010445,22.521273125672487
Wayne Gallman,3500.0,3.53,25.31,21.4,63.343999999999994,341.0446666666666,5.4,20.116,12.768666666666666,41.3,2.7819999999999996,51.3,103.43333333333332,3.9,26.5,0.7133333333333333,False,10.0,47.0,18.5,21.9,60.991856677524424,346.9758957654723,5.7,18.190553745928337,12.769055374592833,34.6,3.2100977198697067,46.7,32.7,NYG,84.0,3.3076923076923075,10.846153846153847,3.3,0.0,1.6153846153846154,1.0,6.3076923076923075,0.0,2.6,0.6153846153846154,1.4615384615384615,2.4,0.0,0.23076923076923078,0.0,0.0,0.0,0.1,10.4,15.1,31.9,15.6,41.5,47.4,25.4,3.701334959496227,3.6121235989978406
Elijhaa Penny,3000.0,0.61,25.31,21.4,63.343999999999994,341.0446666666666,5.4,20.116,12.768666666666666,41.3,2.7819999999999996,51.3,103.43333333333332,3.9,26.5,0.7133333333333333,False,10.0,47.0,18.5,21.9,60.991856677524424,346.9758957654723,5.7,18.190553745928337,12.769055374592833,34.6,3.2100977198697067,46.7,32.7,NYG,104.0,0.7,2.5,3.6,0.0,0.7,0.6,3.9,0.0,1.2,0.0,0.0,0.0,0.0,0.1,0.1,0.3,0.0,0.1,8.1,14.1,8.6,8.6,16.0,17.3,15.3,1.2428131298718368,1.6690769983065303
Jonathan Stewart,3000.0,0.0,25.31,21.4,63.343999999999994,341.0446666666666,5.4,20.116,12.768666666666666,41.3,2.7819999999999996,51.3,103.43333333333332,3.9,26.5,0.7133333333333333,False,10.0,47.0,18.5,21.9,60.991856677524424,346.9758957654723,5.7,18.190553745928337,12.769055374592833,34.6,3.2100977198697067,46.7,32.7,NYG,136.0,2.0,5.666666666666667,2.8,0.0,0.0,0.0,0.0,0.0,0.6,0.0,0.0,0.0,0.0,0.0,0.0,0.0,0.0,0.0,5.7,8.5,35.3,0.0,35.3,35.3,10.0,0.9994820387184822,2.3829721257116536
Elijah McGuire,4700.0,13.9,24.47,23.6,63.31359516616315,349.22296072507555,5.5,20.177643504531723,13.332930513595167,36.9,3.422356495468278,58.3,124.13172205438067,4.5,17.8,0.9268882175226586,True,3.0,46.0,21.5,20.9,61.48321917808219,299.04178082191777,4.9,15.961301369863012,13.59931506849315,32.6,2.71986301369863,44.7,22.3,NYJ,71.0,10.0,33.333333333333336,3.3,0.3333333333333333,4.0,2.3333333333333335,19.833333333333332,0.0,9.5,1.6666666666666667,3.6666666666666665,2.2,0.3333333333333333,0.16666666666666666,0.0,0.0,0.0,2.4,37.3,58.3,26.8,10.7,33.0,37.5,25.4,11.288502919076866,10.841285608257849
Trenton Cannon,3400.0,7.96,24.47,23.6,63.31359516616315,349.22296072507555,5.5,20.177643504531723,13.332930513595167,36.9,3.422356495468278,58.3,124.13172205438067,4.5,17.8,0.9268882175226586,True,3.0,46.0,21.5,20.9,61.48321917808219,299.04178082191777,4.9,15.961301369863012,13.59931506849315,32.6,2.71986301369863,44.7,22.3,NYJ,75.0,2.4285714285714284,6.642857142857143,2.7,0.07142857142857142,1.5714285714285714,1.1428571428571428,9.928571428571429,0.0,3.2,0.21428571428571427,0.35714285714285715,1.7,0.07142857142857142,0.0,0.0,0.0,0.0,0.5,10.5,16.6,23.1,15.0,34.0,38.1,30.7,3.9449370181055383,4.277292682164276
Bilal Powell,3000.0,0.0,24.47,23.6,63.31359516616315,349.22296072507555,5.5,20.177643504531723,13.332930513595167,36.9,3.422356495468278,58.3,124.13172205438067,4.5,17.8,0.9268882175226586,True,3.0,46.0,21.5,20.9,61.48321917808219,299.04178082191777,4.9,15.961301369863012,13.59931506849315,32.6,2.71986301369863,44.7,22.3,NYJ,67.0,11.428571428571429,49.0,4.3,0.0,2.5714285714285716,1.5714285714285714,15.714285714285714,0.14285714285714285,8.8,1.4285714285714286,0.5714285714285714,0.4,0.0,0.14285714285714285,0.0,0.0,0.0,0.1,29.6,41.3,38.6,8.7,44.0,47.3,29.6,10.09031239486212,9.620027187841826
Doug Martin,4400.0,10.06,24.57,21.4,65.13043478260869,378.83010033444816,5.8,20.39799331103679,13.383946488294313,39.0,2.791304347826087,56.4,120.45551839464882,4.6,20.9,0.5725752508361204,True,2.5,44.5,21.0,18.6,62.45307692307693,344.3861538461539,5.5,18.88615384615385,12.447692307692309,36.8,2.9330769230769236,53.7,25.6,OAK,47.0,9.285714285714286,36.857142857142854,4.0,0.21428571428571427,1.4285714285714286,1.1428571428571428,7.571428571428571,0.0,6.7,1.8571428571428572,4.357142857142857,2.3,0.21428571428571427,0.14285714285714285,0.07142857142857142,0.42857142857142855,0.0,1.8,20.4,31.1,45.6,7.0,51.2,52.6,33.1,8.51324799408583,8.669026673403286
Jalen Richard,4000.0,9.59,24.57,21.4,65.13043478260869,378.83010033444816,5.8,20.39799331103679,13.383946488294313,39.0,2.791304347826087,56.4,120.45551839464882,4.6,20.9,0.5725752508361204,True,2.5,44.5,21.0,18.6,62.45307692307693,344.3861538461539,5.5,18.88615384615385,12.447692307692309,36.8,2.9330769230769236,53.7,25.6,OAK,31.0,3.4285714285714284,17.642857142857142,5.1,0.0,5.285714285714286,4.428571428571429,39.285714285714285,0.0,10.0,0.5,2.2142857142857144,4.4,0.0,0.35714285714285715,0.21428571428571427,1.4285714285714286,0.0,0.6,26.6,40.7,12.9,19.8,29.5,32.7,37.5,10.920472168454697,8.933498826100369
Deandre Washington,3000.0,1.21,24.57,21.4,65.13043478260869,378.83010033444816,5.8,20.39799331103679,13.383946488294313,39.0,2.791304347826087,56.4,120.45551839464882,4.6,20.9,0.5725752508361204,True,2.5,44.5,21.0,18.6,62.45307692307693,344.3861538461539,5.5,18.88615384615385,12.447692307692309,36.8,2.9330769230769236,53.7,25.6,OAK,107.0,3.125,10.75,3.4,0.0,0.125,0.125,1.125,0.0,1.2,0.875,2.625,3.0,0.0,0.0,0.0,0.0,0.0,0.3,7.2,10.1,43.1,1.7,44.8,44.8,16.4,3.422028715467462,2.3650713783202364
Keith Smith,3000.0,0.25,24.57,21.4,65.13043478260869,378.83010033444816,5.8,20.39799331103679,13.383946488294313,39.0,2.791304347826087,56.4,120.45551839464882,4.6,20.9,0.5725752508361204,True,2.5,44.5,21.0,18.6,62.45307692307693,344.3861538461539,5.5,18.88615384615385,12.447692307692309,36.8,2.9330769230769236,53.7,25.6,OAK,118.0,0.07142857142857142,0.0,0.0,0.0,0.42857142857142855,0.2857142857142857,1.5714285714285714,0.0,0.4,0.07142857142857142,0.0,0.0,0.0,0.07142857142857142,0.07142857142857142,0.14285714285714285,0.0,0.1,9.4,14.4,0.8,4.5,3.8,5.3,4.7,0.8233764826878707,0.29415489069284045
Marshawn Lynch,3000.0,0.0,24.57,21.4,65.13043478260869,378.83010033444816,5.8,20.39799331103679,13.383946488294313,39.0,2.791304347826087,56.4,120.45551839464882,4.6,20.9,0.5725752508361204,True,2.5,44.5,21.0,18.6,62.45307692307693,344.3861538461539,5.5,18.88615384615385,12.447692307692309,36.8,2.9330769230769236,53.7,25.6,OAK,51.0,15.0,62.666666666666664,4.2,0.5,3.3333333333333335,2.5,14.0,0.0,13.7,2.3333333333333335,4.666666666666667,2.0,0.5,0.8333333333333334,0.6666666666666666,0.8333333333333334,0.0,4.2,35.2,50.4,42.7,9.5,49.8,52.1,38.9,13.672282781583736,12.006105670225024
Josh Adams,4400.0,8.66,21.84,20.1,64.5202846975089,347.06476868327405,5.4,19.098576512455516,14.162989323843417,39.9,2.718149466192171,73.7,88.41138790035588,3.6,23.6,0.5722419928825623,True,-2.5,46.0,24.25,22.2,63.74469453376206,354.4861736334405,5.6,21.12926045016077,12.491961414790996,38.3,3.711897106109325,57.7,24.0,PHI,61.0,8.909090909090908,40.0,4.5,0.2727272727272727,0.8181818181818182,0.36363636363636365,2.272727272727273,0.0,6.4,1.4545454545454546,3.8181818181818183,2.6,0.18181818181818182,0.0,0.0,0.0,0.0,1.7,18.9,29.3,47.1,4.3,49.0,51.4,33.9,7.288297169768827,8.030773998020571
Darren Sproles,3600.0,7.74,21.84,20.1,64.5202846975089,347.06476868327405,5.4,19.098576512455516,14.162989323843417,39.9,2.718149466192171,73.7,88.41138790035588,3.6,23.6,0.5722419928825623,True,-2.5,46.0,24.25,22.2,63.74469453376206,354.4861736334405,5.6,21.12926045016077,12.491961414790996,38.3,3.711897106109325,57.7,24.0,PHI,83.0,3.25,16.0,4.9,0.25,3.5,2.5,18.0,0.25,8.9,0.75,4.75,6.3,0.25,0.5,0.5,2.25,0.25,4.2,20.0,13.7,16.2,17.5,28.8,33.8,44.5,7.0155962928948705,8.549742826870839
Wendell Smallwood,3000.0,6.52,21.84,20.1,64.5202846975089,347.06476868327405,5.4,19.098576512455516,14.162989323843417,39.9,2.718149466192171,73.7,88.41138790035588,3.6,23.6,0.5722419928825623,True,-2.5,46.0,24.25,22.2,63.74469453376206,354.4861736334405,5.6,21.12926045016077,12.491961414790996,38.3,3.711897106109325,57.7,24.0,PHI,44.0,5.285714285714286,22.0,4.2,0.21428571428571427,1.9285714285714286,1.4285714285714286,13.0,0.14285714285714285,7.1,0.9285714285714286,2.857142857142857,3.1,0.21428571428571427,0.35714285714285715,0.21428571428571427,2.0,0.07142857142857142,2.6,20.1,29.9,26.3,9.6,33.5,35.9,35.6,6.8974231979257565,7.718017644917434
Jay Ajayi,3000.0,0.0,21.84,20.1,64.5202846975089,347.06476868327405,5.4,19.098576512455516,14.162989323843417,39.9,2.718149466192171,73.7,88.41138790035588,3.6,23.6,0.5722419928825623,True,-2.5,46.0,24.25,22.2,63.74469453376206,354.4861736334405,5.6,21.12926045016077,12.491961414790996,38.3,3.711897106109325,57.7,24.0,PHI,76.0,11.25,46.0,4.1,0.75,1.5,1.25,5.0,0.0,11.1,2.75,7.0,2.5,0.75,0.5,0.25,1.0,0.0,5.8,30.2,42.0,37.2,5.0,41.3,42.1,36.7,10.307965486686575,10.641532519286265
Jaylen Samuels,6700.0,11.2,19.86,20.9,60.05171232876712,342.2732876712329,5.7,20.184246575342463,11.666780821917808,40.5,3.006164383561644,61.9,79.30547945205478,3.7,27.9,0.7157534246575342,False,5.5,53.5,24.0,27.4,65.7171875,405.36302083333334,6.2,23.832291666666666,12.130208333333332,45.3,3.0682291666666663,76.7,17.6,PIT,66.0,3.5,16.75,4.8,0.0,1.5,1.3333333333333333,12.333333333333334,0.16666666666666666,5.5,0.5,1.5,3.0,0.0,0.3333333333333333,0.3333333333333333,2.6666666666666665,0.16666666666666666,1.8,11.8,14.6,29.6,12.7,40.8,42.3,46.4,4.3028084820118355,7.483688011554151
James Conner,7000.0,10.71,19.86,20.9,60.05171232876712,342.2732876712329,5.7,20.184246575342463,11.666780821917808,40.5,3.006164383561644,61.9,79.30547945205478,3.7,27.9,0.7157534246575342,False,5.5,53.5,24.0,27.4,65.7171875,405.36302083333334,6.2,23.832291666666666,12.130208333333332,45.3,3.0682291666666663,76.7,17.6,PIT,6.0,16.75,75.75,4.5,1.0,5.666666666666667,4.333333333333333,38.916666666666664,0.08333333333333333,23.7,2.75,7.333333333333333,2.7,0.75,0.5833333333333334,0.5,3.0,0.08333333333333333,6.9,57.4,70.7,29.2,9.9,36.7,39.0,41.3,17.889839676973423,20.494671285186254
Stevan Ridley,3500.0,1.9,19.86,20.9,60.05171232876712,342.2732876712329,5.7,20.184246575342463,11.666780821917808,40.5,3.006164383561644,61.9,79.30547945205478,3.7,27.9,0.7157534246575342,False,5.5,53.5,24.0,27.4,65.7171875,405.36302083333334,6.2,23.832291666666666,12.130208333333332,45.3,3.0682291666666663,76.7,17.6,PIT,97.0,2.888888888888889,8.444444444444445,2.9,0.1111111111111111,0.4444444444444444,0.3333333333333333,2.0,0.0,1.9,0.3333333333333333,0.3333333333333333,1.0,0.1111111111111111,0.0,0.0,0.0,0.0,0.7,6.2,5.7,46.4,7.1,51.8,53.6,31.1,1.9350170645474565,3.117693349622084
Roosevelt Nix,3000.0,0.28,19.86,20.9,60.05171232876712,342.2732876712329,5.7,20.184246575342463,11.666780821917808,40.5,3.006164383561644,61.9,79.30547945205478,3.7,27.9,0.7157534246575342,False,5.5,53.5,24.0,27.4,65.7171875,405.36302083333334,6.2,23.832291666666666,12.130208333333332,45.3,3.0682291666666663,76.7,17.6,PIT,114.0,0.0,0.0,0.0,0.0,0.2857142857142857,0.21428571428571427,2.5714285714285716,0.0,0.5,0.0,0.0,0.0,0.0,0.0,0.0,0.0,0.0,0.0,7.1,10.3,0.0,4.0,3.0,4.0,6.6,-0.5285595526039399,0.48064685947492225
Trey Edmunds,3000.0,0.27,19.86,20.9,60.05171232876712,342.2732876712329,5.7,20.184246575342463,11.666780821917808,40.5,3.006164383561644,61.9,79.30547945205478,3.7,27.9,0.7157534246575342,False,5.5,53.5,24.0,27.4,65.7171875,405.36302083333334,6.2,23.832291666666666,12.130208333333332,45.3,3.0682291666666663,76.7,17.6,PIT,150.0,0.0,0.0,0.0,0.0,0.0,0.0,0.0,0.0,0.0,0.0,0.0,0.0,0.0,0.0,0.0,0.0,0.0,0.0,0.0,0.0,0.0,0.0,0.0,0.0,0.0,-1.3680842338716728,0.5520578874899933
Chris Carson,5800.0,15.25,31.85,27.1,69.105,408.7821052631579,5.9,26.24421052631579,12.052368421052632,40.8,3.708421052631579,73.1,126.72815789473684,5.0,20.7,1.2123684210526315,True,2.5,53.0,25.25,25.9,62.502479338842974,349.4716253443526,5.6,20.12066115702479,12.84297520661157,38.9,3.2820936639118456,65.2,16.6,SEA,22.0,16.75,76.08333333333333,4.5,0.5,1.9166666666666667,1.5833333333333333,13.0,0.0,14.3,2.6666666666666665,6.083333333333333,2.3,0.5,0.25,0.25,1.25,0.0,4.0,31.4,43.9,53.3,6.1,58.4,59.4,45.6,14.253361530203467,15.97784928622289
Mike Davis,3800.0,7.54,31.85,27.1,69.105,408.7821052631579,5.9,26.24421052631579,12.052368421052632,40.8,3.708421052631579,73.1,126.72815789473684,5.0,20.7,1.2123684210526315,True,2.5,53.0,25.25,25.9,62.502479338842974,349.4716253443526,5.6,20.12066115702479,12.84297520661157,38.9,3.2820936639118456,65.2,16.6,SEA,37.0,7.538461538461538,33.76923076923077,4.5,0.23076923076923078,2.923076923076923,2.4615384615384617,15.538461538461538,0.07692307692307693,9.5,1.3076923076923077,5.076923076923077,3.9,0.23076923076923078,0.07692307692307693,0.07692307692307693,0.23076923076923078,0.07692307692307693,2.5,25.5,38.1,29.6,11.5,39.3,41.1,37.2,10.492483956766153,13.1916836264634
Rashaad Penny,4000.0,4.6,31.85,27.1,69.105,408.7821052631579,5.9,26.24421052631579,12.052368421052632,40.8,3.708421052631579,73.1,126.72815789473684,5.0,20.7,1.2123684210526315,True,2.5,53.0,25.25,25.9,62.502479338842974,349.4716253443526,5.6,20.12066115702479,12.84297520661157,38.9,3.2820936639118456,65.2,16.6,SEA,60.0,6.230769230769231,31.76923076923077,5.1,0.15384615384615385,0.9230769230769231,0.6923076923076923,5.769230769230769,0.0,5.6,0.6923076923076923,4.0,5.8,0.15384615384615385,0.07692307692307693,0.07692307692307693,0.3076923076923077,0.0,1.4,13.5,19.0,46.0,6.8,51.1,52.8,41.4,7.395916896458356,9.50420229828007
Tre Madden,3000.0,0.15,31.85,27.1,69.105,408.7821052631579,5.9,26.24421052631579,12.052368421052632,40.8,3.708421052631579,73.1,126.72815789473684,5.0,20.7,1.2123684210526315,True,2.5,53.0,25.25,25.9,62.502479338842974,349.4716253443526,5.6,20.12066115702479,12.84297520661157,38.9,3.2820936639118456,65.2,16.6,SEA,120.0,0.25,0.25,1.0,0.0,0.25,0.16666666666666666,2.9166666666666665,0.0,0.5,0.0,0.0,0.0,0.0,0.0,0.0,0.0,0.0,0.0,5.5,7.1,4.5,4.5,7.6,9.1,8.8,1.4551605633109688,0.7999539955196007
JD McKissic,3000.0,0.0,31.85,27.1,69.105,408.7821052631579,5.9,26.24421052631579,12.052368421052632,40.8,3.708421052631579,73.1,126.72815789473684,5.0,20.7,1.2123684210526315,True,2.5,53.0,25.25,25.9,62.502479338842974,349.4716253443526,5.6,20.12066115702479,12.84297520661157,38.9,3.2820936639118456,65.2,16.6,SEA,149.0,0.6666666666666666,0.6666666666666666,1.0,0.0,0.3333333333333333,0.0,0.0,0.0,0.1,0.0,0.0,0.0,0.0,0.3333333333333333,0.0,0.0,0.0,0.0,2.0,3.0,33.3,16.7,33.3,50.0,3.3,1.9389852741590357,1.9457011131047317
Matt Breida,4200.0,9.26,20.09,18.9,64.28863636363636,311.5636363636363,4.8,17.969318181818178,13.888636363636362,34.5,2.5772727272727267,52.8,83.76136363636363,3.8,27.8,0.3579545454545454,True,4.0,42.5,19.25,21.5,63.642857142857146,364.2142857142857,5.7,21.928571428571427,12.0,37.5,3.0714285714285716,41.9,26.2,SF,23.0,11.461538461538462,61.07692307692308,5.3,0.23076923076923078,2.3076923076923075,2.0,19.615384615384617,0.15384615384615385,13.0,1.7692307692307692,4.769230769230769,2.7,0.15384615384615385,0.3076923076923077,0.3076923076923077,2.8461538461538463,0.15384615384615385,2.9,27.4,37.9,41.9,8.4,49.2,50.3,47.4,11.008492621890497,11.214542774702506
Jeffery Wilson,3700.0,8.45,20.09,18.9,64.28863636363636,311.5636363636363,4.8,17.969318181818178,13.888636363636362,34.5,2.5772727272727267,52.8,83.76136363636363,3.8,27.8,0.3579545454545454,True,4.0,42.5,19.25,21.5,63.642857142857146,364.2142857142857,5.7,21.928571428571427,12.0,37.5,3.0714285714285716,41.9,26.2,SF,78.0,13.0,57.5,4.4,0.0,3.25,2.5,21.75,0.0,9.9,1.5,8.5,5.7,0.0,0.75,0.75,4.0,0.0,1.8,38.5,56.2,33.8,8.4,40.3,42.2,25.8,12.488509210274337,11.379899592536379
Kyle Juszczyk,3000.0,4.13,20.09,18.9,64.28863636363636,311.5636363636363,4.8,17.969318181818178,13.888636363636362,34.5,2.5772727272727267,52.8,83.76136363636363,3.8,27.8,0.3579545454545454,True,4.0,42.5,19.25,21.5,63.642857142857146,364.2142857142857,5.7,21.928571428571427,12.0,37.5,3.0714285714285716,41.9,26.2,SF,64.0,0.42857142857142855,1.5,3.5,0.0,2.7142857142857144,2.0714285714285716,22.071428571428573,0.07142857142857142,4.8,0.21428571428571427,0.14285714285714285,0.7,0.0,0.42857142857142855,0.21428571428571427,1.3571428571428572,0.0,0.4,42.1,62.7,1.0,6.5,5.9,7.5,11.4,6.155791349210243,5.6440679385995
Alfred Morris,3200.0,1.65,20.09,18.9,64.28863636363636,311.5636363636363,4.8,17.969318181818178,13.888636363636362,34.5,2.5772727272727267,52.8,83.76136363636363,3.8,27.8,0.3579545454545454,True,4.0,42.5,19.25,21.5,63.642857142857146,364.2142857142857,5.7,21.928571428571427,12.0,37.5,3.0714285714285716,41.9,26.2,SF,73.0,8.636363636363637,28.818181818181817,3.3,0.09090909090909091,1.1818181818181819,0.6363636363636364,6.2727272727272725,0.0,4.6,2.0,2.0,1.0,0.09090909090909091,0.0,0.0,0.0,0.0,0.7,18.7,21.9,46.1,6.3,49.5,52.4,24.6,6.141693329535002,5.8733978237704525
Matt Dayes,3000.0,0.27,20.09,18.9,64.28863636363636,311.5636363636363,4.8,17.969318181818178,13.888636363636362,34.5,2.5772727272727267,52.8,83.76136363636363,3.8,27.8,0.3579545454545454,True,4.0,42.5,19.25,21.5,63.642857142857146,364.2142857142857,5.7,21.928571428571427,12.0,37.5,3.0714285714285716,41.9,26.2,SF,150.0,0.0,0.0,0.0,0.0,0.0,0.0,0.0,0.0,0.0,0.0,0.0,0.0,0.0,0.0,0.0,0.0,0.0,0.0,0.0,0.0,0.0,0.0,0.0,0.0,0.0,-0.9805623183711978,0.41587909878795637
Peyton Barber,3600.0,10.19,22.57,19.2,59.88401486988847,317.19256505576203,5.3,18.700371747211893,12.34795539033457,42.8,2.8550185873605947,50.0,93.28773234200743,3.7,22.5,0.6423791821561338,False,7.5,47.5,20.0,24.6,66.07674418604651,417.0558139534884,6.3,24.242441860465117,11.727906976744187,47.6,3.718604651162791,59.6,21.4,TB,32.0,14.428571428571429,54.42857142857143,3.8,0.35714285714285715,1.7857142857142858,1.1428571428571428,5.5,0.07142857142857142,9.8,2.5,5.571428571428571,2.2,0.35714285714285715,0.35714285714285715,0.14285714285714285,0.8571428571428571,0.07142857142857142,3.3,38.1,54.8,37.8,4.7,40.8,42.5,25.8,10.58194224374649,12.137288628403759
Jacquizz Rodgers,3300.0,3.73,22.57,19.2,59.88401486988847,317.19256505576203,5.3,18.700371747211893,12.34795539033457,42.8,2.8550185873605947,50.0,93.28773234200743,3.7,22.5,0.6423791821561338,False,7.5,47.5,20.0,24.6,66.07674418604651,417.0558139534884,6.3,24.242441860465117,11.727906976744187,47.6,3.718604651162791,59.6,21.4,TB,65.0,2.0,7.214285714285714,3.6,0.0,2.642857142857143,2.142857142857143,17.642857142857142,0.0,4.8,0.21428571428571427,0.7857142857142857,3.7,0.0,0.35714285714285715,0.2857142857142857,1.3571428571428572,0.0,0.4,22.2,31.9,9.0,11.9,18.6,20.9,21.5,5.220591824562854,5.437948062395119
Ronald Jones II,3100.0,1.69,22.57,19.2,59.88401486988847,317.19256505576203,5.3,18.700371747211893,12.34795539033457,42.8,2.8550185873605947,50.0,93.28773234200743,3.7,22.5,0.6423791821561338,False,7.5,47.5,20.0,24.6,66.07674418604651,417.0558139534884,6.3,24.242441860465117,11.727906976744187,47.6,3.718604651162791,59.6,21.4,TB,90.0,3.2857142857142856,6.285714285714286,1.9,0.14285714285714285,1.2857142857142858,1.0,4.714285714285714,0.0,3.0,0.7142857142857143,1.8571428571428572,2.6,0.14285714285714285,0.2857142857142857,0.14285714285714285,0.7142857142857143,0.0,1.3,12.7,11.5,25.8,10.1,33.7,36.0,23.3,3.107841710399421,4.025834501192822
Alan Cross,2500.0,0.0,22.57,19.2,59.88401486988847,317.19256505576203,5.3,18.700371747211893,12.34795539033457,42.8,2.8550185873605947,50.0,93.28773234200743,3.7,22.5,0.6423791821561338,False,7.5,47.5,20.0,24.6,66.07674418604651,417.0558139534884,6.3,24.242441860465117,11.727906976744187,47.6,3.718604651162791,59.6,21.4,TB,132.0,0.0,0.0,0.0,0.0,0.35714285714285715,0.14285714285714285,0.6428571428571429,0.0,0.2,0.0,0.0,0.0,0.0,0.07142857142857142,0.0,0.0,0.0,0.0,7.3,10.5,0.0,4.9,2.0,4.9,2.8,-0.29915638205792305,0.697043539433389
Derrick Henry,7300.0,14.38,24.8,22.1,62.02258064516129,356.66548387096776,5.8,20.31774193548387,12.190645161290323,42.7,3.208064516129032,51.1,116.3458064516129,4.6,18.8,0.7841935483870968,True,-10.5,37.0,23.75,19.1,59.72313432835821,317.0742537313433,5.3,18.38731343283582,13.184701492537314,41.1,3.0645522388059705,53.5,23.6,TEN,18.0,12.714285714285714,63.0,5.0,0.7857142857142857,1.1428571428571428,0.9285714285714286,5.571428571428571,0.0,12.9,2.857142857142857,10.357142857142858,3.6,0.6428571428571429,0.07142857142857142,0.07142857142857142,-0.42857142857142855,0.0,4.9,24.4,38.8,52.0,4.7,56.4,57.3,52.8,12.075197313206857,13.19442739274614
Dion Lewis,4600.0,8.7,24.8,22.1,62.02258064516129,356.66548387096776,5.8,20.31774193548387,12.190645161290323,42.7,3.208064516129032,51.1,116.3458064516129,4.6,18.8,0.7841935483870968,True,-10.5,37.0,23.75,19.1,59.72313432835821,317.0742537313433,5.3,18.38731343283582,13.184701492537314,41.1,3.0645522388059705,53.5,23.6,TEN,26.0,10.857142857142858,36.57142857142857,3.4,0.07142857142857142,4.214285714285714,3.7857142857142856,25.5,0.07142857142857142,10.8,1.5714285714285714,2.7142857142857144,1.7,0.07142857142857142,0.6428571428571429,0.5,2.7142857142857144,0.07142857142857142,1.9,39.5,62.8,27.5,10.7,37.1,38.2,27.3,13.025791674953691,11.25747205657904
David Fluellen,3000.0,0.03,24.8,22.1,62.02258064516129,356.66548387096776,5.8,20.31774193548387,12.190645161290323,42.7,3.208064516129032,51.1,116.3458064516129,4.6,18.8,0.7841935483870968,True,-10.5,37.0,23.75,19.1,59.72313432835821,317.0742537313433,5.3,18.38731343283582,13.184701492537314,41.1,3.0645522388059705,53.5,23.6,TEN,137.0,0.5714285714285714,2.2857142857142856,4.0,0.0,0.0,0.0,0.0,0.0,0.2,0.0,0.0,0.0,0.0,0.0,0.0,0.0,0.0,0.0,0.9,0.8,66.7,0.0,66.7,66.7,26.7,2.4227397654488003,2.3646390291832002
Jeremy McNichols,3000.0,0.0,24.8,22.1,62.02258064516129,356.66548387096776,5.8,20.31774193548387,12.190645161290323,42.7,3.208064516129032,51.1,116.3458064516129,4.6,18.8,0.7841935483870968,True,-10.5,37.0,23.75,19.1,59.72313432835821,317.0742537313433,5.3,18.38731343283582,13.184701492537314,41.1,3.0645522388059705,53.5,23.6,IND,147.0,2.0,4.0,2.0,0.0,0.0,0.0,0.0,0.0,0.4,1.0,7.0,7.0,0.0,0.0,0.0,0.0,0.0,0.7,2.0,2.2,100.0,0.0,100.0,100.0,20.0,4.460338844914699,4.095266230555221
Adrian Peterson,4200.0,9.02,18.54,18.1,61.99606299212599,328.2228346456693,5.3,18.313779527559056,12.684251968503938,34.8,2.7078740157480317,42.1,110.02519685039371,4.3,21.7,0.5700787401574804,False,10.5,37.0,13.25,18.9,61.62113207547169,314.8098113207547,5.1,18.186792452830186,13.051698113207546,36.6,2.7101886792452827,52.6,25.5,WAS,15.0,15.785714285714286,65.92857142857143,4.2,0.5,1.7142857142857142,1.3571428571428572,14.285714285714286,0.07142857142857142,13.1,2.0714285714285716,3.5714285714285716,1.7,0.35714285714285715,0.14285714285714285,0.14285714285714285,1.0714285714285714,0.07142857142857142,3.1,30.8,47.2,51.3,5.6,55.7,56.8,42.5,11.145585650659037,9.921040454886349
Chris Thompson,4300.0,7.84,18.54,18.1,61.99606299212599,328.2228346456693,5.3,18.313779527559056,12.684251968503938,34.8,2.7078740157480317,42.1,110.02519685039371,4.3,21.7,0.5700787401574804,False,10.5,37.0,13.25,18.9,61.62113207547169,314.8098113207547,5.1,18.186792452830186,13.051698113207546,36.6,2.7101886792452827,52.6,25.5,WAS,56.0,4.625,18.5,4.0,0.0,5.75,4.375,30.75,0.125,10.0,0.375,0.125,0.3,0.0,0.5,0.375,3.0,0.125,1.4,32.1,30.5,14.4,17.9,28.0,32.3,31.3,8.563981721035702,6.4194321757776525
Byron Marshall,3000.0,1.34,18.54,18.1,61.99606299212599,328.2228346456693,5.3,18.313779527559056,12.684251968503938,34.8,2.7078740157480317,42.1,110.02519685039371,4.3,21.7,0.5700787401574804,False,10.5,37.0,13.25,18.9,61.62113207547169,314.8098113207547,5.1,18.186792452830186,13.051698113207546,36.6,2.7101886792452827,52.6,25.5,WAS,110.0,0.75,2.25,3.0,0.0,1.25,1.0,7.5,0.0,2.0,0.25,0.25,1.0,0.0,0.25,0.25,1.5,0.0,0.4,10.8,13.7,7.0,11.6,16.3,18.6,18.4,1.5979948950377798,3.654388974503738
Rob Kelley,3000.0,0.46,18.54,18.1,61.99606299212599,328.2228346456693,5.3,18.313779527559056,12.684251968503938,34.8,2.7078740157480317,42.1,110.02519685039371,4.3,21.7,0.5700787401574804,False,10.5,37.0,13.25,18.9,61.62113207547169,314.8098113207547,5.1,18.186792452830186,13.051698113207546,36.6,2.7101886792452827,52.6,25.5,WAS,145.0,2.0,4.0,2.0,0.0,0.0,0.0,0.0,0.0,0.4,0.0,0.0,0.0,0.0,0.0,0.0,0.0,0.0,0.0,4.5,5.9,44.4,0.0,44.4,44.4,8.9,0.6279555490557529,3.28804417331035
Samaje Perine,3000.0,0.17,18.54,18.1,61.99606299212599,328.2228346456693,5.3,18.313779527559056,12.684251968503938,34.8,2.7078740157480317,42.1,110.02519685039371,4.3,21.7,0.5700787401574804,False,10.5,37.0,13.25,18.9,61.62113207547169,314.8098113207547,5.1,18.186792452830186,13.051698113207546,36.6,2.7101886792452827,52.6,25.5,WAS,119.0,1.25,6.25,5.0,0.0,1.0,0.75,1.25,0.0,1.5,0.0,0.0,0.0,0.0,0.25,0.25,0.0,0.0,0.2,6.2,3.6,20.0,16.0,32.0,36.0,24.0,1.3096099926203593,3.899033892210733
