Name,DraftKingsSalary,FantasyPointsDraftKings,DPointsAllowed,OpponentPointsPerGame,OpponentOffensivePlays,OpponentOffensiveYards,OpponentOffensiveYardsPerPlay,OpponentFirstDowns,OpponentThirdDownAttempts,OpponentThirdDownPercentage,OpponentRedZoneAttempts,OpponentRedZonePercentage,OpponentTimesSackedPercentage,QuarterbackHitsPercentage,OpponentPassingAttempts,OpponentCompletionPercentage,OpponentPassingYards,OpponentPassingYardsPerAttempt,OpponentPassingYardsPerCompletion,OpponentPassingTouchdowns,OpponentPasserRating,Home,PointSpread,OverUnder,total,PointsPerGame,OffensivePlays,OffensiveYards,OffensiveYardsPerPlay,FirstDowns,ThirdDownAttempts,ThirdDownPercentage,RedZoneAttempts,RedZonePercentage,PassingAttempts,CompletionPercentage,PassingYards,TeamPassingYardsPerAttempt,PassingYardsPerCompletion,PassingTouchdowns,PasserRating,Rank,Team,TargetsGame,RecGame,RecPercentage,RecYardsGame,RecTdGame,YardsTarget,RecYardsRec,RushesGame,RushYardsGame,YardAttempt,RushTdGame,PointsGame,RZTargetsGame,RZRecGame,RZRecPercentage,RZRecYardsGame,RZRecTdGame,RZYardsTarget,RZRecYardsRec,RZRushesGame,RZRushYardsGame,RZYardAttempt,RZRushTdGame,RZPointsGame,SnapsPerGame,SnapsPlayedPercentage,RushSnapPercentage,TargetSnapPercentage,TouchSnapPercentage,IntendedTouchSnapPercentage,FantasyPointSnapPercentageDraftKings,PLSProjections,RFProjections
Ricky Seals-Jones,2900.0,5.97,13.49,24.5,60.642857142857146,363.07142857142856,6.0,20.357142857142858,11.857142857142858,39.2,3.2142857142857144,60.0,6.8,16.9,469,65.2,239.78571428571428,7.2,11.0,1.9285714285714286,92,True,14.0,44.5,15.25,13.7,56.01302083333333,242.88958333333332,4.3,15.127083333333333,12.2015625,30.4,1.7125,70.8,30.682291666666664,57.4,160.61822916666665,5.2,9.1,0.9276041666666667,64,26.0,ARI,4.928571428571429,2.357142857142857,47.8,24.285714285714285,0.07142857142857142,4.9,10.3,0.0,0.0,0.0,0.0,5.2,0.2857142857142857,0.0,0.0,0.0,0.0,0.0,0.0,0.0,0.0,0.0,0.0,0.0,38.1,64.7,0.0,12.9,6.2,12.9,13.7,8.886712606810178,6.0048430266378725
Jermaine Gresham,2500.0,2.28,13.49,24.5,60.642857142857146,363.07142857142856,6.0,20.357142857142858,11.857142857142858,39.2,3.2142857142857144,60.0,6.8,16.9,469,65.2,239.78571428571428,7.2,11.0,1.9285714285714286,92,True,14.0,44.5,15.25,13.7,56.01302083333333,242.88958333333332,4.3,15.127083333333333,12.2015625,30.4,1.7125,70.8,30.682291666666664,57.4,160.61822916666665,5.2,9.1,0.9276041666666667,64,74.0,ARI,1.0,0.75,75.0,7.833333333333333,0.0,7.8,10.4,0.0,0.0,0.0,0.0,1.4,0.25,0.08333333333333333,33.3,0.9166666666666666,0.0,3.7,11.0,0.0,0.0,0.0,0.0,0.2,30.8,51.0,0.0,3.2,2.4,3.2,4.7,3.373904631007708,2.379688556038963
John Phillips,2500.0,0.3,13.49,24.5,60.642857142857146,363.07142857142856,6.0,20.357142857142858,11.857142857142858,39.2,3.2142857142857144,60.0,6.8,16.9,469,65.2,239.78571428571428,7.2,11.0,1.9285714285714286,92,True,14.0,44.5,15.25,13.7,56.01302083333333,242.88958333333332,4.3,15.127083333333333,12.2015625,30.4,1.7125,70.8,30.682291666666664,57.4,160.61822916666665,5.2,9.1,0.9276041666666667,64,111.0,ARI,0.0,0.0,0.0,0.0,0.0,0.0,0.0,0.0,0.0,0.0,0.0,0.0,0.0,0.0,0.0,0.0,0.0,0.0,0.0,0.0,0.0,0.0,0.0,0.0,10.3,16.5,0.0,0.0,0.0,0.0,0.0,1.0836365030262378,1.0674364011179078
Darrell Daniels,2500.0,0.02,13.49,24.5,60.642857142857146,363.07142857142856,6.0,20.357142857142858,11.857142857142858,39.2,3.2142857142857144,60.0,6.8,16.9,469,65.2,239.78571428571428,7.2,11.0,1.9285714285714286,92,True,14.0,44.5,15.25,13.7,56.01302083333333,242.88958333333332,4.3,15.127083333333333,12.2015625,30.4,1.7125,70.8,30.682291666666664,57.4,160.61822916666665,5.2,9.1,0.9276041666666667,64,111.0,ARI,0.1,0.0,0.0,0.0,0.0,0.0,0.0,0.0,0.0,0.0,0.0,0.0,0.0,0.0,0.0,0.0,0.0,0.0,0.0,0.0,0.0,0.0,0.0,0.0,7.0,8.1,0.0,1.4,0.0,1.4,0.0,0.8624750879615206,1.2001295897785624
Austin Hooper,3700.0,9.61,15.61,24.6,60.71337209302326,352.5523255813954,5.8,20.166279069767445,11.65639534883721,39.9,3.0034883720930234,71.4,6.2,13.1,481,67.4,250.57674418604654,7.3,10.8,2.002325581395349,98,False,-3.5,43.5,23.5,25.4,63.214606741573036,378.85955056179773,6.0,22.046629213483147,12.842696629213483,45.6,3.1393258426966293,63.6,38.9561797752809,69.8,288.24719101123594,7.4,10.6,2.140449438202247,105,6.0,ATL,5.714285714285714,4.571428571428571,80.0,39.785714285714285,0.2857142857142857,7.0,8.7,0.0,0.0,0.0,0.0,10.4,0.9285714285714286,0.6428571428571429,69.2,3.5,0.2857142857142857,3.8,5.4,0.0,0.0,0.0,0.0,2.8,52.1,78.0,0.0,11.0,8.8,11.0,20.0,12.337149941907262,8.842525184659547
Eric Saubert,2500.0,1.66,15.61,24.6,60.71337209302326,352.5523255813954,5.8,20.166279069767445,11.65639534883721,39.9,3.0034883720930234,71.4,6.2,13.1,481,67.4,250.57674418604654,7.3,10.8,2.002325581395349,98,False,-3.5,43.5,23.5,25.4,63.214606741573036,378.85955056179773,6.0,22.046629213483147,12.842696629213483,45.6,3.1393258426966293,63.6,38.9561797752809,69.8,288.24719101123594,7.4,10.6,2.140449438202247,105,90.0,ATL,0.6428571428571429,0.35714285714285715,55.6,3.4285714285714284,0.0,5.3,9.6,0.0,0.0,0.0,0.0,0.7,0.07142857142857142,0.0,0.0,0.0,0.0,0.0,0.0,0.0,0.0,0.0,0.0,0.0,10.9,16.3,0.0,5.9,3.3,5.9,6.4,3.3428273445031538,1.7766906248565522
Logan Paulsen,2500.0,1.23,15.61,24.6,60.71337209302326,352.5523255813954,5.8,20.166279069767445,11.65639534883721,39.9,3.0034883720930234,71.4,6.2,13.1,481,67.4,250.57674418604654,7.3,10.8,2.002325581395349,98,False,-3.5,43.5,23.5,25.4,63.214606741573036,378.85955056179773,6.0,22.046629213483147,12.842696629213483,45.6,3.1393258426966293,63.6,38.9561797752809,69.8,288.24719101123594,7.4,10.6,2.140449438202247,105,69.0,ATL,0.6153846153846154,0.6153846153846154,100.0,5.538461538461538,0.07692307692307693,9.0,9.0,0.0,0.0,0.0,0.0,1.6,0.15384615384615385,0.15384615384615385,100.0,1.6923076923076923,0.07692307692307693,11.0,11.0,0.0,0.0,0.0,0.0,0.8,23.7,32.9,0.0,2.6,2.6,2.6,6.9,3.2501092422535507,2.1979083136511623
Mark Andrews,3200.0,4.29,10.75,21.3,60.540604026845635,329.36375838926176,5.4,19.798993288590605,12.436912751677852,40.8,3.216442953020134,55.6,6.6,15.0,478,64.4,225.57986577181208,6.6,10.2,1.501006711409396,87,False,4.5,43.0,19.25,24.4,71.69736070381231,370.29325513196477,5.2,23.469794721407624,14.59706744868035,47.5,3.7208211143695014,61.5,36.49266862170088,60.4,228.1865102639296,6.3,10.4,1.2164222873900292,82,20.0,BAL,3.0714285714285716,2.0,65.1,29.642857142857142,0.14285714285714285,9.7,14.8,0.0,0.0,0.0,0.0,5.8,0.5,0.21428571428571427,42.9,1.2142857142857142,0.14285714285714285,2.4,5.7,0.0,0.0,0.0,0.0,1.2,26.2,34.9,0.0,11.7,7.6,11.7,22.2,6.810213806644065,4.576785548814157
Hayden Hurst,2500.0,2.64,10.75,21.3,60.540604026845635,329.36375838926176,5.4,19.798993288590605,12.436912751677852,40.8,3.216442953020134,55.6,6.6,15.0,478,64.4,225.57986577181208,6.6,10.2,1.501006711409396,87,False,4.5,43.0,19.25,24.4,71.69736070381231,370.29325513196477,5.2,23.469794721407624,14.59706744868035,47.5,3.7208211143695014,61.5,36.49266862170088,60.4,228.1865102639296,6.3,10.4,1.2164222873900292,82,64.0,BAL,1.7,1.0,58.8,10.2,0.1,6.0,10.2,0.1,0.0,0.0,0.0,2.6,0.1,0.0,0.0,0.0,0.0,0.0,0.0,0.0,0.0,0.0,0.0,0.0,23.7,32.2,0.4,7.2,4.6,7.6,11.1,4.896621111315202,2.697146033246455
Nick Boyle,2500.0,2.31,10.75,21.3,60.540604026845635,329.36375838926176,5.4,19.798993288590605,12.436912751677852,40.8,3.216442953020134,55.6,6.6,15.0,478,64.4,225.57986577181208,6.6,10.2,1.501006711409396,87,False,4.5,43.0,19.25,24.4,71.69736070381231,370.29325513196477,5.2,23.469794721407624,14.59706744868035,47.5,3.7208211143695014,61.5,36.49266862170088,60.4,228.1865102639296,6.3,10.4,1.2164222873900292,82,43.0,BAL,2.5,1.5,60.0,14.142857142857142,0.0,5.7,9.4,0.0,0.0,0.0,0.0,2.9,0.5,0.14285714285714285,28.6,0.42857142857142855,0.0,0.9,3.0,0.0,0.0,0.0,0.0,0.2,41.1,54.8,0.0,6.1,3.6,6.1,7.1,6.219958013701111,3.3333735022899638
Maxx Williams,2600.0,1.94,10.75,21.3,60.540604026845635,329.36375838926176,5.4,19.798993288590605,12.436912751677852,40.8,3.216442953020134,55.6,6.6,15.0,478,64.4,225.57986577181208,6.6,10.2,1.501006711409396,87,False,4.5,43.0,19.25,24.4,71.69736070381231,370.29325513196477,5.2,23.469794721407624,14.59706744868035,47.5,3.7208211143695014,61.5,36.49266862170088,60.4,228.1865102639296,6.3,10.4,1.2164222873900292,82,50.0,BAL,1.5454545454545454,1.4545454545454546,94.1,13.0,0.09090909090909091,8.4,8.9,0.18181818181818182,0.7272727272727273,4.0,0.0,3.4,0.45454545454545453,0.36363636363636365,80.0,2.0,0.09090909090909091,4.4,5.5,0.0,0.0,0.0,0.0,1.1,29.5,30.9,0.6,5.2,5.5,5.8,11.4,5.1298712990107385,3.334459620346056
Charles Clay,2500.0,4.14,13.94,22.1,63.3058064516129,371.99290322580646,5.9,21.101935483870967,12.261935483870968,40.7,3.065483870967742,62.8,4.6,15.7,536,62.3,256.00354838709677,6.7,10.8,1.9961290322580645,87,False,13.0,45.0,16.0,15.4,63.677209302325586,294.24744186046513,4.6,17.62046511627907,13.752558139534884,31.8,2.292093023255814,56.2,30.94325581395349,54.2,169.18511627906977,5.5,10.1,0.6446511627906977,58,47.0,BUF,3.0,1.75,58.3,15.333333333333334,0.0,5.1,8.8,0.0,0.0,0.0,0.0,3.2,0.25,0.08333333333333333,33.3,0.4166666666666667,0.0,1.7,5.0,0.0,0.0,0.0,0.0,0.1,39.6,50.7,0.0,7.6,4.4,7.6,8.1,5.999436298173005,3.90300764065279
Jason Croom,2500.0,2.3,13.94,22.1,63.3058064516129,371.99290322580646,5.9,21.101935483870967,12.261935483870968,40.7,3.065483870967742,62.8,4.6,15.7,536,62.3,256.00354838709677,6.7,10.8,1.9961290322580645,87,False,13.0,45.0,16.0,15.4,63.677209302325586,294.24744186046513,4.6,17.62046511627907,13.752558139534884,31.8,2.292093023255814,56.2,30.94325581395349,54.2,169.18511627906977,5.5,10.1,0.6446511627906977,58,40.0,BUF,1.9230769230769231,1.2307692307692308,64.0,13.23076923076923,0.07692307692307693,6.9,10.8,0.0,0.0,0.0,1.0,3.4,0.15384615384615385,0.07692307692307693,50.0,0.8461538461538461,0.0,5.5,11.0,0.0,0.0,0.0,0.07692307692307693,0.6,24.2,33.5,0.0,8.0,5.1,8.0,14.1,2.685635400937002,3.3460811718510857
Logan Thomas,2500.0,1.47,13.94,22.1,63.3058064516129,371.99290322580646,5.9,21.101935483870967,12.261935483870968,40.7,3.065483870967742,62.8,4.6,15.7,536,62.3,256.00354838709677,6.7,10.8,1.9961290322580645,87,False,13.0,45.0,16.0,15.4,63.677209302325586,294.24744186046513,4.6,17.62046511627907,13.752558139534884,31.8,2.292093023255814,56.2,30.94325581395349,54.2,169.18511627906977,5.5,10.1,0.6446511627906977,58,71.0,BUF,1.6,1.2,75.0,7.7,0.0,4.8,6.4,0.0,0.0,0.0,0.0,2.0,0.0,0.0,0.0,0.0,0.0,0.0,0.0,0.0,0.0,0.0,0.0,0.0,25.1,30.9,0.0,6.4,5.2,6.8,8.1,3.3449840639111366,2.9592545068527145
Ian Thomas,3500.0,7.17,9.91,27.2,63.60944881889763,377.15905511811025,5.9,23.130708661417323,12.20787401574803,49.1,3.2839895013123357,73.9,6.5,12.3,493,68.8,251.08241469816272,7.1,10.4,1.9989501312335958,99,True,3.5,43.5,20.0,23.8,61.393993993993995,368.93573573573576,6.0,21.584384384384386,11.292492492492492,40.5,3.5735735735735736,64.0,34.02042042042042,67.9,234.28348348348348,6.9,10.1,1.7867867867867868,93,36.0,CAR,2.642857142857143,1.9285714285714286,73.0,16.0,0.0,6.1,8.3,0.0,0.0,0.0,0.0,3.5,0.35714285714285715,0.21428571428571427,60.0,1.5714285714285714,0.0,4.4,7.3,0.0,0.0,0.0,0.0,0.4,28.1,44.1,0.0,9.4,6.9,9.4,12.5,6.863227755683282,3.917990032675265
Chris Manhertz,2500.0,2.16,9.91,27.2,63.60944881889763,377.15905511811025,5.9,23.130708661417323,12.20787401574803,49.1,3.2839895013123357,73.9,6.5,12.3,493,68.8,251.08241469816272,7.1,10.4,1.9989501312335958,99,True,3.5,43.5,20.0,23.8,61.393993993993995,368.93573573573576,6.0,21.584384384384386,11.292492492492492,40.5,3.5735735735735736,64.0,34.02042042042042,67.9,234.28348348348348,6.9,10.1,1.7867867867867868,93,82.0,CAR,0.35714285714285715,0.14285714285714285,40.0,3.7142857142857144,0.07142857142857142,10.4,26.0,0.0,0.0,0.0,0.0,0.9,0.07142857142857142,0.0,0.0,0.0,0.0,0.0,0.0,0.0,0.0,0.0,0.0,0.0,19.6,30.6,0.0,1.8,0.7,1.8,4.8,4.086707042242199,1.5783859933831572
Trey Burton,4000.0,7.73,9.84,26.6,63.6117962466488,345.4434316353888,5.4,20.609651474530832,13.47828418230563,38.1,3.5656836461126007,64.0,6.6,16.6,484,62.4,233.55227882037536,6.8,10.8,2.1394101876675604,101,False,-4.0,42.5,23.25,27.4,63.671018276762396,346.6135770234987,5.4,21.03289817232376,12.519582245430808,39.4,3.433942558746736,64.6,32.69399477806788,65.9,226.4971279373368,6.9,10.5,1.931592689295039,93,7.0,CHI,4.714285714285714,3.142857142857143,66.7,36.142857142857146,0.42857142857142855,7.7,11.5,0.07142857142857142,0.14285714285714285,2.0,0.0,9.6,0.8571428571428571,0.6428571428571429,75.0,3.9285714285714284,0.35714285714285715,4.6,6.1,0.07142857142857142,0.14285714285714285,2.0,0.0,3.3,54.4,80.9,0.1,8.7,5.9,8.8,17.7,9.158882949843626,8.999210542512818
Adam Shaheen,2500.0,2.81,9.84,26.6,63.6117962466488,345.4434316353888,5.4,20.609651474530832,13.47828418230563,38.1,3.5656836461126007,64.0,6.6,16.6,484,62.4,233.55227882037536,6.8,10.8,2.1394101876675604,101,False,-4.0,42.5,23.25,27.4,63.671018276762396,346.6135770234987,5.4,21.03289817232376,12.519582245430808,39.4,3.433942558746736,64.6,32.69399477806788,65.9,226.4971279373368,6.9,10.5,1.931592689295039,93,78.0,CHI,1.3333333333333333,1.3333333333333333,100.0,14.666666666666666,0.3333333333333333,11.0,11.0,0.0,0.0,0.0,0.0,4.8,0.6666666666666666,0.3333333333333333,50.0,0.6666666666666666,0.3333333333333333,1.0,2.0,0.0,0.0,0.0,0.0,2.4,24.3,26.9,0.0,5.5,5.5,5.5,19.7,3.46412047666451,3.15402172392251
Ben Braunecker,2500.0,0.38,9.84,26.6,63.6117962466488,345.4434316353888,5.4,20.609651474530832,13.47828418230563,38.1,3.5656836461126007,64.0,6.6,16.6,484,62.4,233.55227882037536,6.8,10.8,2.1394101876675604,101,False,-4.0,42.5,23.25,27.4,63.671018276762396,346.6135770234987,5.4,21.03289817232376,12.519582245430808,39.4,3.433942558746736,64.6,32.69399477806788,65.9,226.4971279373368,6.9,10.5,1.931592689295039,93,104.0,CHI,0.3076923076923077,0.15384615384615385,50.0,1.8461538461538463,0.0,6.0,12.0,0.0,0.0,0.0,0.0,0.3,0.15384615384615385,0.0,0.0,0.0,0.0,0.0,0.0,0.0,0.0,0.0,0.0,0.0,7.5,10.4,0.0,4.1,2.0,4.1,4.5,2.471242955766452,1.195132013936909
CJ Uzomah,3300.0,7.26,15.19,24.9,71.76637931034482,401.83448275862065,5.6,24.184482758620685,13.523275862068964,37.6,3.4344827586206894,62.5,5.2,13.3,583,62.8,275.5456896551724,6.6,10.5,1.3594827586206895,81,False,10.0,44.5,17.25,24.1,60.500296735905046,326.60148367952524,5.4,20.02373887240356,11.94272997032641,38.9,3.003560830860534,71.4,35.685163204747774,61.3,222.54955489614244,6.2,10.2,1.7878338278931751,85,16.0,CIN,4.142857142857143,2.7142857142857144,65.5,27.428571428571427,0.14285714285714285,6.6,10.1,0.0,0.0,0.0,0.0,6.3,0.35714285714285715,0.21428571428571427,60.0,1.5,0.14285714285714285,4.2,7.0,0.0,0.0,0.0,0.0,1.2,53.9,83.8,0.0,7.7,5.0,7.7,11.7,10.556308908540135,6.92205118590183
Matt Lengel,2500.0,1.27,15.19,24.9,71.76637931034482,401.83448275862065,5.6,24.184482758620685,13.523275862068964,37.6,3.4344827586206894,62.5,5.2,13.3,583,62.8,275.5456896551724,6.6,10.5,1.3594827586206895,81,False,10.0,44.5,17.25,24.1,60.500296735905046,326.60148367952524,5.4,20.02373887240356,11.94272997032641,38.9,3.003560830860534,71.4,35.685163204747774,61.3,222.54955489614244,6.2,10.2,1.7878338278931751,85,89.0,CIN,1.3333333333333333,0.5,37.5,2.8333333333333335,0.16666666666666666,2.1,5.7,0.0,0.0,0.0,0.0,1.8,0.3333333333333333,0.16666666666666666,50.0,0.6666666666666666,0.16666666666666666,2.0,4.0,0.0,0.0,0.0,0.0,1.2,14.5,21.7,0.0,9.2,3.4,9.2,12.3,4.140026468349565,2.832119384031202
Jordan Franks,2500.0,0.38,15.19,24.9,71.76637931034482,401.83448275862065,5.6,24.184482758620685,13.523275862068964,37.6,3.4344827586206894,62.5,5.2,13.3,583,62.8,275.5456896551724,6.6,10.5,1.3594827586206895,81,False,10.0,44.5,17.25,24.1,60.500296735905046,326.60148367952524,5.4,20.02373887240356,11.94272997032641,38.9,3.003560830860534,71.4,35.685163204747774,61.3,222.54955489614244,6.2,10.2,1.7878338278931751,85,99.0,CIN,1.0,0.6666666666666666,66.7,12.333333333333334,0.0,12.3,18.5,0.0,0.0,0.0,0.0,1.9,0.0,0.0,0.0,0.0,0.0,0.0,0.0,0.0,0.0,0.0,0.0,0.0,3.7,5.9,0.0,27.3,18.2,27.3,51.8,4.751900938873933,3.7909663925361947
Tyler Eifert,2500.0,0.0,15.19,24.9,71.76637931034482,401.83448275862065,5.6,24.184482758620685,13.523275862068964,37.6,3.4344827586206894,62.5,5.2,13.3,583,62.8,275.5456896551724,6.6,10.5,1.3594827586206895,81,False,10.0,44.5,17.25,24.1,60.500296735905046,326.60148367952524,5.4,20.02373887240356,11.94272997032641,38.9,3.003560830860534,71.4,35.685163204747774,61.3,222.54955489614244,6.2,10.2,1.7878338278931751,85,45.0,CIN,4.75,3.75,78.9,44.75,0.25,9.4,11.9,0.0,0.0,0.0,0.0,9.7,0.5,0.25,50.0,3.75,0.25,7.5,15.0,0.0,0.0,0.0,0.0,2.1,33.0,49.1,0.0,14.4,11.4,14.4,29.5,11.236059834610474,9.654972342602777
David Njoku,3800.0,8.9,13.91,29.5,68.0,413.0,6.1,23.642857142857142,14.0,50.5,3.7142857142857144,67.3,6.2,14.2,501,65.9,270.64285714285717,7.6,11.5,2.0,98,True,-10.0,44.5,27.25,22.1,64.44045307443366,356.24627831715213,5.5,19.525242718446606,13.23139158576052,34.6,2.8608414239482203,70.0,35.33139158576052,61.1,234.8750809061489,6.6,10.9,1.6449838187702268,84,13.0,CLE,5.571428571428571,3.5714285714285716,64.1,36.0,0.21428571428571427,6.5,10.1,0.0,0.0,0.0,0.0,8.5,0.35714285714285715,0.2857142857142857,80.0,1.9285714285714286,0.21428571428571427,5.4,6.8,0.0,0.0,0.0,0.0,1.8,55.4,80.5,0.0,10.1,6.4,10.1,15.3,10.886451563419026,9.457467865867422
Darren Fells,2500.0,1.76,13.91,29.5,68.0,413.0,6.1,23.642857142857142,14.0,50.5,3.7142857142857144,67.3,6.2,14.2,501,65.9,270.64285714285717,7.6,11.5,2.0,98,True,-10.0,44.5,27.25,22.1,64.44045307443366,356.24627831715213,5.5,19.525242718446606,13.23139158576052,34.6,2.8608414239482203,70.0,35.33139158576052,61.1,234.8750809061489,6.6,10.9,1.6449838187702268,84,62.0,CLE,0.5714285714285714,0.5,87.5,6.857142857142857,0.14285714285714285,12.0,13.7,0.0,0.0,0.0,0.0,2.0,0.07142857142857142,0.07142857142857142,100.0,0.42857142857142855,0.07142857142857142,6.0,6.0,0.0,0.0,0.0,0.0,0.5,27.1,39.4,0.0,2.1,1.8,2.1,7.5,2.479158081018109,2.503157575162538
Seth DeValve,2500.0,1.12,13.91,29.5,68.0,413.0,6.1,23.642857142857142,14.0,50.5,3.7142857142857144,67.3,6.2,14.2,501,65.9,270.64285714285717,7.6,11.5,2.0,98,True,-10.0,44.5,27.25,22.1,64.44045307443366,356.24627831715213,5.5,19.525242718446606,13.23139158576052,34.6,2.8608414239482203,70.0,35.33139158576052,61.1,234.8750809061489,6.6,10.9,1.6449838187702268,84,75.0,CLE,0.5454545454545454,0.36363636363636365,66.7,6.636363636363637,0.09090909090909091,12.2,18.2,0.0,0.0,0.0,0.0,1.6,0.0,0.0,0.0,0.0,0.0,0.0,0.0,0.0,0.0,0.0,0.0,0.0,7.5,11.0,0.0,7.3,4.9,7.3,21.1,2.1904884208772395,1.7269044084888165
Blake Jarwin,3000.0,4.16,14.76,28.8,62.3166253101737,386.8347394540943,6.2,22.368238213399504,11.362779156327544,40.3,3.6446650124069477,78.4,7.2,17.6,464,72.2,258.6282878411911,7.8,10.8,2.143920595533499,109,True,-7.5,47.5,27.5,19.7,64.381884057971,346.17753623188406,5.4,20.19963768115942,13.56159420289855,40.0,3.0692028985507247,44.2,32.690579710144924,67.5,215.34384057971013,6.6,9.8,1.2134057971014494,91,54.0,DAL,1.7857142857142858,1.2857142857142858,72.0,12.857142857142858,0.0,7.2,10.0,0.0,0.0,0.0,0.0,2.6,0.07142857142857142,0.0,0.0,0.0,0.0,0.0,0.0,0.0,0.0,0.0,0.0,0.0,22.9,33.8,0.0,7.8,5.6,7.8,11.2,6.154333248499597,3.0876172650543117
Dalton Schultz,2500.0,3.52,14.76,28.8,62.3166253101737,386.8347394540943,6.2,22.368238213399504,11.362779156327544,40.3,3.6446650124069477,78.4,7.2,17.6,464,72.2,258.6282878411911,7.8,10.8,2.143920595533499,109,True,-7.5,47.5,27.5,19.7,64.381884057971,346.17753623188406,5.4,20.19963768115942,13.56159420289855,40.0,3.0692028985507247,44.2,32.690579710144924,67.5,215.34384057971013,6.6,9.8,1.2134057971014494,91,70.0,DAL,1.6666666666666667,1.2222222222222223,73.3,11.0,0.0,6.6,9.0,0.0,0.0,0.0,0.0,2.3,0.2222222222222222,0.1111111111111111,50.0,-0.1111111111111111,0.0,-0.5,-1.0,0.0,0.0,0.0,0.0,0.1,24.7,35.2,0.0,6.8,5.0,6.8,9.4,5.615424280248887,3.401823627565469
Rico Gathers,2500.0,0.71,14.76,28.8,62.3166253101737,386.8347394540943,6.2,22.368238213399504,11.362779156327544,40.3,3.6446650124069477,78.4,7.2,17.6,464,72.2,258.6282878411911,7.8,10.8,2.143920595533499,109,True,-7.5,47.5,27.5,19.7,64.381884057971,346.17753623188406,5.4,20.19963768115942,13.56159420289855,40.0,3.0692028985507247,44.2,32.690579710144924,67.5,215.34384057971013,6.6,9.8,1.2134057971014494,91,97.0,DAL,0.5384615384615384,0.23076923076923078,42.9,3.4615384615384617,0.0,6.4,15.0,0.0,0.0,0.0,0.0,0.6,0.15384615384615385,0.0,0.0,0.0,0.0,0.0,0.0,0.0,0.0,0.0,0.0,0.0,10.3,15.1,0.0,5.2,2.2,5.2,5.6,4.128963984194794,1.7311596099072242
Geoff Swaim,2500.0,0.0,14.76,28.8,62.3166253101737,386.8347394540943,6.2,22.368238213399504,11.362779156327544,40.3,3.6446650124069477,78.4,7.2,17.6,464,72.2,258.6282878411911,7.8,10.8,2.143920595533499,109,True,-7.5,47.5,27.5,19.7,64.381884057971,346.17753623188406,5.4,20.19963768115942,13.56159420289855,40.0,3.0692028985507247,44.2,32.690579710144924,67.5,215.34384057971013,6.6,9.8,1.2134057971014494,91,35.0,DAL,3.5555555555555554,2.888888888888889,81.2,26.88888888888889,0.1111111111111111,7.6,9.3,0.0,0.0,0.0,0.0,6.2,0.4444444444444444,0.3333333333333333,75.0,0.5555555555555556,0.1111111111111111,1.2,1.7,0.0,0.0,0.0,0.0,1.1,57.1,54.2,0.0,6.2,5.1,6.2,10.9,8.815631715373883,5.546276814963388
Matt LaCosse,3000.0,6.22,16.13,29.9,61.30215311004785,385.76722488038274,6.3,20.028708133971293,12.732535885167463,46.1,4.077272727272727,57.9,2.8,10.0,416,62.5,239.12846889952152,8.0,12.9,2.288995215311005,102,False,-2.5,44.5,23.5,21.9,62.90882352941176,352.97647058823526,5.6,20.182352941176468,12.81078431372549,33.0,2.8627450980392157,57.5,35.99901960784314,62.2,229.5205882352941,6.4,10.2,1.1450980392156862,81,38.0,DEN,2.0714285714285716,1.3571428571428572,65.5,15.5,0.07142857142857142,7.5,11.4,0.0,0.0,0.0,0.0,3.3,0.14285714285714285,0.07142857142857142,50.0,0.7142857142857143,0.07142857142857142,5.0,10.0,0.0,0.0,0.0,0.0,0.6,25.4,38.4,0.0,8.1,5.3,8.1,13.1,4.687690885184777,3.395262730781572
Brian Parker,2500.0,2.45,16.13,29.9,61.30215311004785,385.76722488038274,6.3,20.028708133971293,12.732535885167463,46.1,4.077272727272727,57.9,2.8,10.0,416,62.5,239.12846889952152,8.0,12.9,2.288995215311005,102,False,-2.5,44.5,23.5,21.9,62.90882352941176,352.97647058823526,5.6,20.182352941176468,12.81078431372549,33.0,2.8627450980392157,57.5,35.99901960784314,62.2,229.5205882352941,6.4,10.2,1.1450980392156862,81,101.0,DEN,0.7,0.3,42.9,2.3,0.0,3.3,7.7,0.0,0.0,0.0,0.0,0.5,0.1,0.0,0.0,0.0,0.0,0.0,0.0,0.0,0.0,0.0,0.0,0.0,6.8,10.3,0.0,10.3,4.4,10.3,7.8,2.0745825218794414,1.7789164484007347
Temarrick Hemingway,2500.0,0.92,16.13,29.9,61.30215311004785,385.76722488038274,6.3,20.028708133971293,12.732535885167463,46.1,4.077272727272727,57.9,2.8,10.0,416,62.5,239.12846889952152,8.0,12.9,2.288995215311005,102,False,-2.5,44.5,23.5,21.9,62.90882352941176,352.97647058823526,5.6,20.182352941176468,12.81078431372549,33.0,2.8627450980392157,57.5,35.99901960784314,62.2,229.5205882352941,6.4,10.2,1.1450980392156862,81,111.0,DEN,0.0,0.0,0.0,0.0,0.0,0.0,0.0,0.0,0.0,0.0,0.0,0.0,0.0,0.0,0.0,0.0,0.0,0.0,0.0,0.0,0.0,0.0,0.0,0.0,0.3,0.5,0.0,0.0,0.0,0.0,0.0,0.7035797027550963,0.7078257099691425
Levine Toilolo,2500.0,4.37,10.24,22.0,61.5,314.2857142857143,5.1,19.214285714285715,11.428571428571429,28.8,3.2142857142857144,42.2,9.8,17.7,434,63.1,202.85714285714286,6.5,10.4,1.0714285714285714,82,True,5.5,42.5,18.5,20.3,62.75845070422535,329.58908450704223,5.3,20.228521126760565,12.723239436619718,36.0,3.216549295774648,51.1,35.596478873239434,66.5,226.37359154929578,6.4,9.6,1.3580985915492958,87,53.0,DET,1.3571428571428572,1.1428571428571428,84.2,14.571428571428571,0.0,10.7,12.8,0.0,0.0,0.0,0.0,2.6,0.07142857142857142,0.0,0.0,0.0,0.0,0.0,0.0,0.0,0.0,0.0,0.0,0.0,30.8,46.4,0.0,4.4,3.7,4.4,8.4,3.8840366717721735,3.2062523149159294
Luke Willson,2500.0,2.88,10.24,22.0,61.5,314.2857142857143,5.1,19.214285714285715,11.428571428571429,28.8,3.2142857142857144,42.2,9.8,17.7,434,63.1,202.85714285714286,6.5,10.4,1.0714285714285714,82,True,5.5,42.5,18.5,20.3,62.75845070422535,329.58908450704223,5.3,20.228521126760565,12.723239436619718,36.0,3.216549295774648,51.1,35.596478873239434,66.5,226.37359154929578,6.4,9.6,1.3580985915492958,87,68.0,DET,1.4615384615384615,1.0,68.4,6.6923076923076925,0.0,4.6,6.7,0.0,0.0,0.0,0.0,1.7,0.0,0.0,0.0,0.0,0.0,0.0,0.0,0.0,0.0,0.0,0.0,0.0,31.7,44.4,0.0,4.6,3.2,4.6,5.3,3.5333802392000537,2.4797924257027164
Jimmy Graham,3700.0,8.39,8.62,25.6,65.46183844011142,368.7398328690808,5.6,20.251810584958218,13.54874651810585,32.6,3.494150417827298,46.9,6.4,18.8,494,61.9,243.0217270194986,6.9,11.1,1.6401114206128133,87,False,-3.0,46.0,24.5,23.7,63.60451807228915,370.4909638554217,5.8,20.55903614457831,12.563855421686746,36.9,2.9981927710843372,59.5,38.90512048192771,61.7,263.84096385542165,6.8,11.0,1.641867469879518,93,10.0,GB,5.785714285714286,3.5,60.5,41.5,0.14285714285714285,7.2,11.9,0.0,0.0,0.0,0.0,8.7,0.7142857142857143,0.2857142857142857,40.0,2.5,0.14285714285714285,3.5,8.8,0.0,0.0,0.0,0.0,1.4,49.4,74.6,0.0,11.7,7.1,11.7,17.6,11.717205360282776,8.572978999579524
Lance Kendricks,2500.0,3.12,8.62,25.6,65.46183844011142,368.7398328690808,5.6,20.251810584958218,13.54874651810585,32.6,3.494150417827298,46.9,6.4,18.8,494,61.9,243.0217270194986,6.9,11.1,1.6401114206128133,87,False,-3.0,46.0,24.5,23.7,63.60451807228915,370.4909638554217,5.8,20.55903614457831,12.563855421686746,36.9,2.9981927710843372,59.5,38.90512048192771,61.7,263.84096385542165,6.8,11.0,1.641867469879518,93,49.0,GB,1.5714285714285714,1.2142857142857142,77.3,10.285714285714286,0.07142857142857142,6.5,8.5,0.0,0.0,0.0,0.0,2.7,0.14285714285714285,0.14285714285714285,100.0,0.35714285714285715,0.07142857142857142,2.5,2.5,0.0,0.0,0.0,0.0,0.6,21.1,31.8,0.0,7.5,5.8,7.5,12.7,3.48749170206754,3.1155656625401695
Robert Tonyan Jr.,2500.0,1.05,8.62,25.6,65.46183844011142,368.7398328690808,5.6,20.251810584958218,13.54874651810585,32.6,3.494150417827298,46.9,6.4,18.8,494,61.9,243.0217270194986,6.9,11.1,1.6401114206128133,87,False,-3.0,46.0,24.5,23.7,63.60451807228915,370.4909638554217,5.8,20.55903614457831,12.563855421686746,36.9,2.9981927710843372,59.5,38.90512048192771,61.7,263.84096385542165,6.8,11.0,1.641867469879518,93,79.0,GB,0.21428571428571427,0.14285714285714285,66.7,4.214285714285714,0.07142857142857142,19.7,29.5,0.0,0.0,0.0,0.0,1.0,0.0,0.0,0.0,0.0,0.0,0.0,0.0,0.0,0.0,0.0,0.0,0.0,2.7,4.1,0.0,7.9,5.3,7.9,36.6,1.5589789028059897,1.7482407793880395
Marcedes Lewis,2500.0,0.73,8.62,25.6,65.46183844011142,368.7398328690808,5.6,20.251810584958218,13.54874651810585,32.6,3.494150417827298,46.9,6.4,18.8,494,61.9,243.0217270194986,6.9,11.1,1.6401114206128133,87,False,-3.0,46.0,24.5,23.7,63.60451807228915,370.4909638554217,5.8,20.55903614457831,12.563855421686746,36.9,2.9981927710843372,59.5,38.90512048192771,61.7,263.84096385542165,6.8,11.0,1.641867469879518,93,98.0,GB,0.2857142857142857,0.21428571428571427,75.0,2.7857142857142856,0.0,9.8,13.0,0.0,0.0,0.0,0.0,0.5,0.07142857142857142,0.0,0.0,0.0,0.0,0.0,0.0,0.0,0.0,0.0,0.0,0.0,12.6,19.0,0.0,2.3,1.7,2.3,3.9,1.6786013391736292,1.3823948127483583
Jordan Thomas,2900.0,4.48,9.5,22.7,63.888364779874216,385.4003144654088,6.0,19.63050314465409,13.063207547169812,37.7,3.783333333333333,43.4,6.1,19.5,558,67.2,280.6091194968553,7.0,10.5,1.427672955974843,93,False,2.5,46.0,21.75,25.1,64.39005681818182,362.88039772727274,5.6,20.322443181818183,12.90653409090909,37.6,3.7079545454545455,50.0,30.733238636363637,67.5,232.74545454545455,7.6,11.2,1.7113636363636364,100,29.0,HOU,1.7857142857142858,1.3571428571428572,76.0,14.928571428571429,0.2857142857142857,8.4,11.0,0.0,0.0,0.0,0.0,4.6,0.5,0.42857142857142855,85.7,3.357142857142857,0.2857142857142857,6.7,7.8,0.0,0.0,0.0,0.0,2.5,31.6,46.4,0.0,5.7,4.3,5.7,14.5,5.070329976126127,3.9664012699937414
Ryan Griffin,2700.0,4.16,9.5,22.7,63.888364779874216,385.4003144654088,6.0,19.63050314465409,13.063207547169812,37.7,3.783333333333333,43.4,6.1,19.5,558,67.2,280.6091194968553,7.0,10.5,1.427672955974843,93,False,2.5,46.0,21.75,25.1,64.39005681818182,362.88039772727274,5.6,20.322443181818183,12.90653409090909,37.6,3.7079545454545455,50.0,30.733238636363637,67.5,232.74545454545455,7.6,11.2,1.7113636363636364,100,37.0,HOU,3.1666666666666665,1.75,55.3,23.5,0.0,7.4,13.4,0.0,0.0,0.0,0.0,4.1,0.8333333333333334,0.16666666666666666,20.0,1.4166666666666667,0.0,1.7,8.5,0.0,0.0,0.0,0.0,0.3,52.9,71.5,0.0,6.0,3.3,6.0,7.7,8.87819275138725,5.422648047068877
Jordan Akins,2500.0,2.93,9.5,22.7,63.888364779874216,385.4003144654088,6.0,19.63050314465409,13.063207547169812,37.7,3.783333333333333,43.4,6.1,19.5,558,67.2,280.6091194968553,7.0,10.5,1.427672955974843,93,False,2.5,46.0,21.75,25.1,64.39005681818182,362.88039772727274,5.6,20.322443181818183,12.90653409090909,37.6,3.7079545454545455,50.0,30.733238636363637,67.5,232.74545454545455,7.6,11.2,1.7113636363636364,100,58.0,HOU,1.4285714285714286,1.0714285714285714,75.0,13.714285714285714,0.0,9.6,12.8,0.0,0.0,0.0,0.0,2.4,0.14285714285714285,0.0,0.0,0.0,0.0,0.0,0.0,0.0,0.0,0.0,0.0,0.0,23.8,35.0,0.0,6.0,4.5,6.0,10.3,4.769455600030639,3.512392789223019
Eric Ebron,5700.0,13.3,12.11,24.9,64.39655172413792,366.4163793103448,5.7,21.179310344827584,12.736206896551723,38.8,3.577586206896551,52.0,5.1,13.8,469,64.8,237.7663793103448,7.1,10.9,1.2879310344827586,85,True,-10.0,47.0,28.5,26.6,66.78602150537635,381.91021505376347,5.7,22.881720430107528,13.586021505376346,48.4,3.7897849462365594,67.9,40.186021505376345,67.1,273.86559139784947,6.8,10.2,2.431182795698925,97,4.0,IND,7.071428571428571,4.214285714285714,59.6,47.285714285714285,0.8571428571428571,6.7,11.2,0.21428571428571427,-0.5714285714285714,-2.7,1.0,14.6,1.4285714285714286,0.7857142857142857,55.0,9.0,0.7142857142857143,6.3,11.5,0.14285714285714285,0.07142857142857142,0.5,0.07142857142857142,6.4,41.1,58.1,0.5,17.2,11.0,17.9,35.5,14.024701424787558,12.63655045571091
Mo Alie-Cox,2500.0,3.78,12.11,24.9,64.39655172413792,366.4163793103448,5.7,21.179310344827584,12.736206896551723,38.8,3.577586206896551,52.0,5.1,13.8,469,64.8,237.7663793103448,7.1,10.9,1.2879310344827586,85,True,-10.0,47.0,28.5,26.6,66.78602150537635,381.91021505376347,5.7,22.881720430107528,13.586021505376346,48.4,3.7897849462365594,67.9,40.186021505376345,67.1,273.86559139784947,6.8,10.2,2.431182795698925,97,61.0,IND,1.5714285714285714,0.8571428571428571,54.5,16.0,0.2857142857142857,10.2,18.7,0.0,0.0,0.0,0.0,4.2,0.42857142857142855,0.2857142857142857,66.7,1.1428571428571428,0.14285714285714285,2.7,4.0,0.0,0.0,0.0,0.0,1.3,24.4,24.3,0.0,6.4,3.5,6.4,17.1,5.491460016832688,3.6446137034578814
Ryan Hewitt,2500.0,0.4,12.11,24.9,64.39655172413792,366.4163793103448,5.7,21.179310344827584,12.736206896551723,38.8,3.577586206896551,52.0,5.1,13.8,469,64.8,237.7663793103448,7.1,10.9,1.2879310344827586,85,True,-10.0,47.0,28.5,26.6,66.78602150537635,381.91021505376347,5.7,22.881720430107528,13.586021505376346,48.4,3.7897849462365594,67.9,40.186021505376345,67.1,273.86559139784947,6.8,10.2,2.431182795698925,97,111.0,IND,0.1,0.0,0.0,0.0,0.0,0.0,0.0,0.0,0.0,0.0,0.0,0.0,0.0,0.0,0.0,0.0,0.0,0.0,0.0,0.0,0.0,0.0,0.0,0.0,16.9,18.6,0.0,0.6,0.0,0.6,0.0,3.489875320441389,1.1693270736225012
James O'Shaughnessy,2500.0,4.34,14.44,26.7,64.39411764705882,402.0705882352941,6.2,21.988235294117647,12.279144385026738,42.4,3.8550802139037432,59.3,5.0,12.4,458,65.7,256.93395721925134,7.9,12.0,1.9989304812834225,92,False,4.0,38.5,17.25,16.1,64.11377777777778,319.7817777777778,5.0,18.032,14.597333333333335,41.2,2.146666666666667,46.7,34.63288888888889,61.4,207.65422222222224,6.0,9.8,1.0733333333333335,78,44.0,JAX,2.8333333333333335,1.75,61.8,15.75,0.0,5.6,9.0,0.0,0.0,0.0,0.0,3.3,0.16666666666666666,0.16666666666666666,100.0,1.0,0.0,6.0,6.0,0.0,0.0,0.0,0.0,0.3,37.8,53.0,0.0,7.5,4.6,7.5,8.8,6.9446577219466565,3.783249446949562
Blake Bell,2500.0,2.45,14.44,26.7,64.39411764705882,402.0705882352941,6.2,21.988235294117647,12.279144385026738,42.4,3.8550802139037432,59.3,5.0,12.4,458,65.7,256.93395721925134,7.9,12.0,1.9989304812834225,92,False,4.0,38.5,17.25,16.1,64.11377777777778,319.7817777777778,5.0,18.032,14.597333333333335,41.2,2.146666666666667,46.7,34.63288888888889,61.4,207.65422222222224,6.0,9.8,1.0733333333333335,78,81.0,JAX,1.125,0.875,77.8,8.375,0.0,7.4,9.6,0.0,0.0,0.0,0.0,1.7,0.0,0.0,0.0,0.0,0.0,0.0,0.0,0.0,0.0,0.0,0.0,0.0,22.8,34.6,0.0,4.9,3.8,4.9,7.5,4.214665841246361,2.7186843492146675
Ben Koyack,2500.0,0.51,14.44,26.7,64.39411764705882,402.0705882352941,6.2,21.988235294117647,12.279144385026738,42.4,3.8550802139037432,59.3,5.0,12.4,458,65.7,256.93395721925134,7.9,12.0,1.9989304812834225,92,False,4.0,38.5,17.25,16.1,64.11377777777778,319.7817777777778,5.0,18.032,14.597333333333335,41.2,2.146666666666667,46.7,34.63288888888889,61.4,207.65422222222224,6.0,9.8,1.0733333333333335,78,111.0,JAX,0.0,0.0,0.0,0.0,0.0,0.0,0.0,0.0,0.0,0.0,0.0,0.0,0.0,0.0,0.0,0.0,0.0,0.0,0.0,0.0,0.0,0.0,0.0,0.0,16.8,26.3,0.0,0.0,0.0,0.0,0.0,2.961779204729822,1.4149279351792445
Niles Paul,2500.0,0.0,14.44,26.7,64.39411764705882,402.0705882352941,6.2,21.988235294117647,12.279144385026738,42.4,3.8550802139037432,59.3,5.0,12.4,458,65.7,256.93395721925134,7.9,12.0,1.9989304812834225,92,False,4.0,38.5,17.25,16.1,64.11377777777778,319.7817777777778,5.0,18.032,14.597333333333335,41.2,2.146666666666667,46.7,34.63288888888889,61.4,207.65422222222224,6.0,9.8,1.0733333333333335,78,73.0,JAX,2.1666666666666665,1.6666666666666667,76.9,16.333333333333332,0.0,7.5,9.8,0.16666666666666666,-0.5,-3.0,0.0,3.2,0.3333333333333333,0.0,0.0,0.0,0.0,0.0,0.0,0.0,0.0,0.0,0.0,0.0,17.2,22.8,1.0,12.6,10.7,13.6,18.9,5.587644643921498,4.544023986131159
Austin Seferian-Jenkins,2500.0,0.0,14.44,26.7,64.39411764705882,402.0705882352941,6.2,21.988235294117647,12.279144385026738,42.4,3.8550802139037432,59.3,5.0,12.4,458,65.7,256.93395721925134,7.9,12.0,1.9989304812834225,92,False,4.0,38.5,17.25,16.1,64.11377777777778,319.7817777777778,5.0,18.032,14.597333333333335,41.2,2.146666666666667,46.7,34.63288888888889,61.4,207.65422222222224,6.0,9.8,1.0733333333333335,78,65.0,JAX,4.0,2.2,55.0,18.0,0.2,4.5,8.2,0.0,0.0,0.0,0.0,5.2,0.4,0.2,50.0,0.8,0.2,2.0,4.0,0.0,0.0,0.0,0.0,1.5,44.2,63.0,0.0,9.0,5.0,9.0,11.8,8.340813586243522,6.172549659244861
Travis Kelce,7200.0,18.03,9.37,20.9,59.479109589041094,360.45342465753424,6.1,20.685273972602737,11.022602739726027,35.7,3.220890410958904,48.9,7.1,17.7,472,66.5,247.93698630136984,7.3,11.0,1.5746575342465752,93,False,-2.5,53.0,27.75,35.6,62.92424849699399,426.7719438877756,6.8,24.541883767535072,11.058116232464931,47.1,4.565931863727455,73.4,36.81282565130261,67.1,312.4809619238477,8.5,12.7,3.210420841683367,114,1.0,KC,9.428571428571429,6.642857142857143,70.5,87.14285714285714,0.7142857142857143,9.2,13.1,0.0,0.0,0.0,0.0,20.6,1.6428571428571428,1.0714285714285714,65.2,8.357142857142858,0.6428571428571429,5.1,7.8,0.0,0.0,0.0,0.0,5.8,63.9,95.9,0.0,14.8,10.4,14.8,32.3,19.19727090115569,16.105220131290764
Demetrius Harris,2600.0,4.09,9.37,20.9,59.479109589041094,360.45342465753424,6.1,20.685273972602737,11.022602739726027,35.7,3.220890410958904,48.9,7.1,17.7,472,66.5,247.93698630136984,7.3,11.0,1.5746575342465752,93,False,-2.5,53.0,27.75,35.6,62.92424849699399,426.7719438877756,6.8,24.541883767535072,11.058116232464931,47.1,4.565931863727455,73.4,36.81282565130261,67.1,312.4809619238477,8.5,12.7,3.210420841683367,114,39.0,KC,1.8461538461538463,0.9230769230769231,50.0,12.615384615384615,0.23076923076923078,6.8,13.7,0.0,0.0,0.0,0.0,3.6,0.3076923076923077,0.23076923076923078,75.0,3.3076923076923075,0.23076923076923078,10.8,14.3,0.0,0.0,0.0,0.0,1.9,25.2,37.3,0.0,7.3,3.7,7.3,14.2,5.639653076995117,3.7161497975937983
Antonio Gates,3700.0,4.91,13.59,18.1,61.597233201581034,290.6731225296443,4.7,18.171541501976286,13.378260869565219,34.2,2.7185770750988145,63.2,7.3,17.3,498,58.4,202.96324110671938,5.7,9.7,1.2877470355731226,81,True,-4.5,43.0,23.75,28.2,59.46987341772152,391.80151898734175,6.6,21.91746835443038,10.923037974683544,40.5,3.569620253164557,62.0,32.1979746835443,69.0,270.0060759493671,8.4,12.2,2.2131645569620253,110,27.0,LAC,2.7857142857142856,1.7857142857142858,64.1,22.285714285714285,0.14285714285714285,8.0,12.5,0.0,0.0,0.0,0.0,5.2,0.5714285714285714,0.14285714285714285,25.0,0.7857142857142857,0.14285714285714285,1.4,5.5,0.0,0.0,0.0,0.0,1.4,22.1,35.5,0.0,12.6,8.1,12.6,23.3,6.091145186204433,4.297952541962913
Virgil Green,2500.0,3.22,13.59,18.1,61.597233201581034,290.6731225296443,4.7,18.171541501976286,13.378260869565219,34.2,2.7185770750988145,63.2,7.3,17.3,498,58.4,202.96324110671938,5.7,9.7,1.2877470355731226,81,True,-4.5,43.0,23.75,28.2,59.46987341772152,391.80151898734175,6.6,21.91746835443038,10.923037974683544,40.5,3.569620253164557,62.0,32.1979746835443,69.0,270.0060759493671,8.4,12.2,2.2131645569620253,110,41.0,LAC,1.7142857142857142,1.2142857142857142,70.8,14.142857142857142,0.07142857142857142,8.2,11.6,0.0,0.0,0.0,0.0,3.1,0.35714285714285715,0.21428571428571427,60.0,1.5714285714285714,0.07142857142857142,4.4,7.3,0.0,0.0,0.0,0.0,0.8,42.6,68.3,0.0,4.0,2.8,4.0,7.2,5.613607463009557,3.525779944943847
Sean Culkin,2500.0,0.46,13.59,18.1,61.597233201581034,290.6731225296443,4.7,18.171541501976286,13.378260869565219,34.2,2.7185770750988145,63.2,7.3,17.3,498,58.4,202.96324110671938,5.7,9.7,1.2877470355731226,81,True,-4.5,43.0,23.75,28.2,59.46987341772152,391.80151898734175,6.6,21.91746835443038,10.923037974683544,40.5,3.569620253164557,62.0,32.1979746835443,69.0,270.0060759493671,8.4,12.2,2.2131645569620253,110,105.0,LAC,0.08333333333333333,0.08333333333333333,100.0,2.0,0.0,24.0,24.0,0.0,0.0,0.0,0.0,0.3,0.0,0.0,0.0,0.0,0.0,0.0,0.0,0.0,0.0,0.0,0.0,0.0,14.7,20.1,0.0,0.6,0.6,0.6,1.9,0.5894548889859523,1.6792961442134962
Gerald Everett,2900.0,6.59,8.84,26.2,66.89209809264304,356.16294277929154,5.3,21.98801089918256,12.992915531335148,37.4,3.2839237057220707,60.9,8.2,16.3,461,67.5,211.38474114441416,6.4,9.5,1.3564032697547683,93,False,-14.0,44.5,29.25,32.0,65.85714285714286,421.42857142857144,6.4,24.285714285714285,11.857142857142858,42.2,5.071428571428571,54.9,36.785714285714285,64.5,292.35714285714283,7.9,12.3,1.9285714285714286,97,24.0,LAR,3.142857142857143,2.0,63.6,20.857142857142858,0.21428571428571427,6.6,10.4,0.0,0.0,0.0,0.0,5.5,0.7142857142857143,0.35714285714285715,50.0,1.9285714285714286,0.14285714285714285,2.7,5.4,0.0,0.0,0.0,0.0,1.6,20.3,29.6,0.0,15.5,9.9,15.5,27.2,6.7017887948929165,5.8097745157072325
Tyler Higbee,2600.0,3.95,8.84,26.2,66.89209809264304,356.16294277929154,5.3,21.98801089918256,12.992915531335148,37.4,3.2839237057220707,60.9,8.2,16.3,461,67.5,211.38474114441416,6.4,9.5,1.3564032697547683,93,False,-14.0,44.5,29.25,32.0,65.85714285714286,421.42857142857144,6.4,24.285714285714285,11.857142857142858,42.2,5.071428571428571,54.9,36.785714285714285,64.5,292.35714285714283,7.9,12.3,1.9285714285714286,97,33.0,LAR,2.2857142857142856,1.5714285714285714,68.8,17.142857142857142,0.14285714285714285,7.5,10.9,0.0,0.0,0.0,0.0,4.1,0.35714285714285715,0.14285714285714285,40.0,0.9285714285714286,0.14285714285714285,2.6,6.5,0.0,0.0,0.0,0.0,1.1,49.6,72.5,0.0,4.6,3.2,4.6,8.3,7.023203100559341,4.391895492255082
Mike Gesicki,2600.0,3.81,13.27,20.6,60.80207612456748,317.7674740484429,5.2,18.10519031141869,13.258131487889274,38.7,2.922491349480969,51.2,6.0,16.0,442,61.5,198.44429065743947,6.3,10.2,1.140484429065744,82,True,-4.0,38.5,21.25,21.1,55.3606779661017,302.55254237288136,5.5,16.021694915254237,11.801694915254238,30.9,2.0027118644067796,50.0,28.681694915254237,64.3,189.75694915254238,6.6,10.3,1.7166101694915255,93,52.0,MIA,2.0714285714285716,1.4285714285714286,69.0,12.785714285714286,0.0,6.2,9.0,0.0,0.0,0.0,0.0,2.6,0.35714285714285715,0.21428571428571427,60.0,1.5,0.0,4.2,7.0,0.0,0.0,0.0,0.0,0.4,25.9,44.5,0.0,8.0,5.5,8.0,10.2,3.9909674524952763,2.3926923404453198
Nick O'Leary,2500.0,2.41,13.27,20.6,60.80207612456748,317.7674740484429,5.2,18.10519031141869,13.258131487889274,38.7,2.922491349480969,51.2,6.0,16.0,442,61.5,198.44429065743947,6.3,10.2,1.140484429065744,82,True,-4.0,38.5,21.25,21.1,55.3606779661017,302.55254237288136,5.5,16.021694915254237,11.801694915254238,30.9,2.0027118644067796,50.0,28.681694915254237,64.3,189.75694915254238,6.6,10.3,1.7166101694915255,93,67.0,MIA,1.25,1.0,80.0,10.75,0.125,8.6,10.8,0.0,0.0,0.0,0.0,2.8,0.25,0.125,50.0,0.625,0.125,2.5,5.0,0.0,0.0,0.0,0.0,0.9,34.0,57.0,0.0,3.7,2.9,3.7,8.3,3.135976671951237,2.189818490309659
Durham Smythe,2500.0,0.29,13.27,20.6,60.80207612456748,317.7674740484429,5.2,18.10519031141869,13.258131487889274,38.7,2.922491349480969,51.2,6.0,16.0,442,61.5,198.44429065743947,6.3,10.2,1.140484429065744,82,True,-4.0,38.5,21.25,21.1,55.3606779661017,302.55254237288136,5.5,16.021694915254237,11.801694915254238,30.9,2.0027118644067796,50.0,28.681694915254237,64.3,189.75694915254238,6.6,10.3,1.7166101694915255,93,103.0,MIA,0.38461538461538464,0.15384615384615385,40.0,2.076923076923077,0.0,5.4,13.5,0.0,0.0,0.0,0.0,0.4,0.0,0.0,0.0,0.0,0.0,0.0,0.0,0.0,0.0,0.0,0.0,0.0,9.8,15.6,0.0,3.9,1.6,3.9,3.7,1.003779880998147,1.1610756028151268
Kyle Rudolph,3400.0,8.39,9.71,23.8,59.178378378378376,346.27927927927925,5.9,20.726726726726728,11.221021021021022,38.2,3.001801801801802,59.5,8.2,14.8,428,66.1,230.85285285285286,7.5,11.4,1.8582582582582583,103,False,-5.5,42.5,24.0,23.1,63.86470588235294,359.3730650154799,5.6,20.16780185758514,12.873065015479877,37.8,3.1467492260061922,54.5,38.976780185758514,70.5,264.25541795665634,6.8,9.6,1.8594427244582044,97,14.0,MIN,4.785714285714286,3.642857142857143,76.1,35.214285714285715,0.14285714285714285,7.4,9.7,0.0,0.0,0.0,0.0,8.0,0.7857142857142857,0.35714285714285715,45.5,2.5714285714285716,0.14285714285714285,3.3,7.2,0.0,0.0,0.0,0.0,1.5,58.4,87.7,0.0,8.2,6.2,8.2,13.7,10.435985866131293,7.648707256433594
Tyler Conklin,2500.0,0.91,9.71,23.8,59.178378378378376,346.27927927927925,5.9,20.726726726726728,11.221021021021022,38.2,3.001801801801802,59.5,8.2,14.8,428,66.1,230.85285285285286,7.5,11.4,1.8582582582582583,103,False,-5.5,42.5,24.0,23.1,63.86470588235294,359.3730650154799,5.6,20.16780185758514,12.873065015479877,37.8,3.1467492260061922,54.5,38.976780185758514,70.5,264.25541795665634,6.8,9.6,1.8594427244582044,97,83.0,MIN,0.5,0.35714285714285715,71.4,5.5,0.0,11.0,15.4,0.0,0.0,0.0,0.0,0.9,0.0,0.0,0.0,0.0,0.0,0.0,0.0,0.0,0.0,0.0,0.0,0.0,9.6,14.4,0.0,5.2,3.7,5.2,9.5,1.4935761132938588,1.7407664504880782
David Morgan,2500.0,0.75,9.71,23.8,59.178378378378376,346.27927927927925,5.9,20.726726726726728,11.221021021021022,38.2,3.001801801801802,59.5,8.2,14.8,428,66.1,230.85285285285286,7.5,11.4,1.8582582582582583,103,False,-5.5,42.5,24.0,23.1,63.86470588235294,359.3730650154799,5.6,20.16780185758514,12.873065015479877,37.8,3.1467492260061922,54.5,38.976780185758514,70.5,264.25541795665634,6.8,9.6,1.8594427244582044,97,95.0,MIN,0.6666666666666666,0.5555555555555556,83.3,4.0,0.0,6.0,7.2,0.0,0.0,0.0,0.0,1.0,0.1111111111111111,0.1111111111111111,100.0,1.0,0.0,9.0,9.0,0.0,0.0,0.0,0.0,0.2,21.8,22.6,0.0,3.1,2.6,3.1,4.4,1.5578258289714375,2.2012128298887967
Rob Gronkowski,5600.0,11.64,8.36,23.8,59.60720720720721,292.3897897897898,4.9,18.296696696696696,12.793393393393393,38.0,3.1447447447447447,72.7,6.7,17.0,435,64.6,187.54114114114114,6.0,9.3,1.4294294294294294,85,True,-13.0,45.0,29.0,26.7,66.82139037433156,394.78877005347596,5.9,22.91631016042781,12.707486631016042,41.6,3.5695187165775404,58.0,36.83743315508021,66.1,278.20828877005346,7.6,11.4,1.7133689839572193,97,8.0,NE,6.090909090909091,4.090909090909091,67.2,59.81818181818182,0.2727272727272727,9.8,14.6,0.0,0.0,0.0,0.0,12.2,0.7272727272727273,0.2727272727272727,37.5,3.3636363636363638,0.09090909090909091,4.6,12.3,0.0,0.0,0.0,0.0,1.2,65.9,79.4,0.0,9.2,6.2,9.2,18.5,13.700944449589652,9.89745782504495
Jacob Hollister,2500.0,1.12,8.36,23.8,59.60720720720721,292.3897897897898,4.9,18.296696696696696,12.793393393393393,38.0,3.1447447447447447,72.7,6.7,17.0,435,64.6,187.54114114114114,6.0,9.3,1.4294294294294294,85,True,-13.0,45.0,29.0,26.7,66.82139037433156,394.78877005347596,5.9,22.91631016042781,12.707486631016042,41.6,3.5695187165775404,58.0,36.83743315508021,66.1,278.20828877005346,7.6,11.4,1.7133689839572193,97,93.0,NE,0.7142857142857143,0.5714285714285714,80.0,7.428571428571429,0.0,10.4,13.0,0.0,0.0,0.0,0.0,1.3,0.0,0.0,0.0,0.0,0.0,0.0,0.0,0.0,0.0,0.0,0.0,0.0,8.4,8.3,0.0,8.5,6.8,8.5,15.6,2.031446294783886,2.056367821340626
Dwayne Allen,2500.0,0.51,8.36,23.8,59.60720720720721,292.3897897897898,4.9,18.296696696696696,12.793393393393393,38.0,3.1447447447447447,72.7,6.7,17.0,435,64.6,187.54114114114114,6.0,9.3,1.4294294294294294,85,True,-13.0,45.0,29.0,26.7,66.82139037433156,394.78877005347596,5.9,22.91631016042781,12.707486631016042,41.6,3.5695187165775404,58.0,36.83743315508021,66.1,278.20828877005346,7.6,11.4,1.7133689839572193,97,99.0,NE,0.36363636363636365,0.2727272727272727,75.0,2.4545454545454546,0.0,6.8,9.0,0.0,0.0,0.0,0.0,0.5,0.0,0.0,0.0,0.0,0.0,0.0,0.0,0.0,0.0,0.0,0.0,0.0,27.2,30.6,0.0,1.3,1.0,1.3,1.9,2.155206866851149,1.4919300946678324
Benjamin Watson,2700.0,5.72,15.17,22.6,62.936708860759495,333.92215189873417,5.3,20.31139240506329,12.372784810126582,36.4,3.1468354430379746,56.8,8.4,18.8,502,64.3,236.94240506329115,6.6,10.3,1.859493670886076,95,True,-5.5,53.5,29.5,32.8,64.17080610021786,386.09673202614374,6.0,24.010457516339866,11.576470588235292,44.4,4.430501089324618,67.7,32.65708061002178,74.4,258.6126361655773,7.9,10.6,2.215250544662309,115,21.0,NO,2.9285714285714284,2.2857142857142856,78.0,26.071428571428573,0.14285714285714285,8.9,11.4,0.0,0.0,0.0,0.0,5.8,0.5714285714285714,0.35714285714285715,62.5,2.0,0.14285714285714285,3.5,5.6,0.0,0.0,0.0,0.0,1.4,32.3,48.5,0.0,9.1,7.1,9.1,17.8,7.920867851942498,5.166853300696977
Dan Arnold,2500.0,3.06,15.17,22.6,62.936708860759495,333.92215189873417,5.3,20.31139240506329,12.372784810126582,36.4,3.1468354430379746,56.8,8.4,18.8,502,64.3,236.94240506329115,6.6,10.3,1.859493670886076,95,True,-5.5,53.5,29.5,32.8,64.17080610021786,386.09673202614374,6.0,24.010457516339866,11.576470588235292,44.4,4.430501089324618,67.7,32.65708061002178,74.4,258.6126361655773,7.9,10.6,2.215250544662309,115,60.0,NO,2.111111111111111,1.3333333333333333,63.2,16.666666666666668,0.1111111111111111,7.9,12.5,0.0,0.0,0.0,0.0,3.7,0.1111111111111111,0.0,0.0,0.0,0.0,0.0,0.0,0.0,0.0,0.0,0.0,0.0,14.2,17.5,0.0,14.8,9.4,14.8,25.8,6.051726944150378,5.3608319731123935
Josh Hill,2500.0,2.59,15.17,22.6,62.936708860759495,333.92215189873417,5.3,20.31139240506329,12.372784810126582,36.4,3.1468354430379746,56.8,8.4,18.8,502,64.3,236.94240506329115,6.6,10.3,1.859493670886076,95,True,-5.5,53.5,29.5,32.8,64.17080610021786,386.09673202614374,6.0,24.010457516339866,11.576470588235292,44.4,4.430501089324618,67.7,32.65708061002178,74.4,258.6126361655773,7.9,10.6,2.215250544662309,115,47.0,NO,1.4285714285714286,1.0,70.0,13.142857142857142,0.07142857142857142,9.2,13.1,0.0,0.0,0.0,0.0,2.7,0.07142857142857142,0.07142857142857142,100.0,0.07142857142857142,0.07142857142857142,1.0,1.0,0.0,0.0,0.0,0.0,0.5,40.6,60.9,0.0,3.5,2.5,3.5,6.8,5.796524685972304,3.196722268297105
Evan Engram,4600.0,10.24,14.39,21.4,63.343999999999994,341.0446666666666,5.4,20.116,12.768666666666666,41.3,2.7819999999999996,51.3,7.3,14.5,480,71.0,237.6113333333333,6.9,9.8,1.3553333333333333,93,False,10.0,47.0,18.5,21.9,60.991856677524424,346.9758957654723,5.7,18.190553745928337,12.769055374592833,34.6,3.2100977198697067,46.7,36.30977198697068,65.4,245.39413680781757,6.8,10.3,1.4267100977198697,90,17.0,NYG,5.555555555555555,3.7777777777777777,68.0,45.44444444444444,0.2222222222222222,8.2,12.0,0.1111111111111111,1.1111111111111112,10.0,0.0,9.8,0.6666666666666666,0.3333333333333333,50.0,3.2222222222222223,0.2222222222222222,4.8,9.7,0.0,0.0,0.0,0.0,2.0,42.4,53.8,0.3,13.1,9.2,13.4,23.0,12.437889360157818,10.147961785394294
Rhett Ellison,2500.0,2.71,14.39,21.4,63.343999999999994,341.0446666666666,5.4,20.116,12.768666666666666,41.3,2.7819999999999996,51.3,7.3,14.5,480,71.0,237.6113333333333,6.9,9.8,1.3553333333333333,93,False,10.0,47.0,18.5,21.9,60.991856677524424,346.9758957654723,5.7,18.190553745928337,12.769055374592833,34.6,3.2100977198697067,46.7,36.30977198697068,65.4,245.39413680781757,6.8,10.3,1.4267100977198697,90,34.0,NYG,2.4615384615384617,1.7692307692307692,71.9,19.53846153846154,0.07692307692307693,7.9,11.0,0.0,0.0,0.0,0.0,4.3,0.3076923076923077,0.23076923076923078,75.0,2.076923076923077,0.07692307692307693,6.8,9.0,0.0,0.0,0.0,0.0,1.1,41.0,64.4,0.0,6.0,4.3,6.0,10.6,6.210349239166838,5.010722586660977
Scott Simonson,2500.0,0.4,14.39,21.4,63.343999999999994,341.0446666666666,5.4,20.116,12.768666666666666,41.3,2.7819999999999996,51.3,7.3,14.5,480,71.0,237.6113333333333,6.9,9.8,1.3553333333333333,93,False,10.0,47.0,18.5,21.9,60.991856677524424,346.9758957654723,5.7,18.190553745928337,12.769055374592833,34.6,3.2100977198697067,46.7,36.30977198697068,65.4,245.39413680781757,6.8,10.3,1.4267100977198697,90,92.0,NYG,0.6428571428571429,0.2857142857142857,44.4,4.0,0.0,6.2,14.0,0.0,0.0,0.0,0.0,0.7,0.21428571428571427,0.0,0.0,0.0,0.0,0.0,0.0,0.0,0.0,0.0,0.0,0.0,16.7,26.2,0.0,3.8,1.7,3.8,4.1,2.5727448223660927,1.449129821181594
Chris Herndon IV,3100.0,8.15,9.44,23.6,63.31359516616315,349.22296072507555,5.5,20.177643504531723,13.332930513595167,36.9,3.422356495468278,58.3,8.2,14.0,459,63.4,225.09123867069488,6.9,10.8,1.711178247734139,95,True,3.0,46.0,21.5,20.9,61.48321917808219,299.04178082191777,4.9,15.961301369863012,13.59931506849315,32.6,2.71986301369863,44.7,32.99623287671233,56.2,193.7544520547945,5.9,10.5,1.0736301369863013,67,15.0,NYJ,3.8333333333333335,2.6666666666666665,69.6,34.333333333333336,0.25,9.0,12.9,0.0,0.0,0.0,0.0,7.6,0.4166666666666667,0.3333333333333333,80.0,4.833333333333333,0.16666666666666666,11.6,14.5,0.0,0.0,0.0,0.0,1.8,38.7,52.4,0.0,9.9,6.9,9.9,19.7,8.056289157853897,6.67439612348318
Jordan Leggett,2500.0,2.88,9.44,23.6,63.31359516616315,349.22296072507555,5.5,20.177643504531723,13.332930513595167,36.9,3.422356495468278,58.3,8.2,14.0,459,63.4,225.09123867069488,6.9,10.8,1.711178247734139,95,True,3.0,46.0,21.5,20.9,61.48321917808219,299.04178082191777,4.9,15.961301369863012,13.59931506849315,32.6,2.71986301369863,44.7,32.99623287671233,56.2,193.7544520547945,5.9,10.5,1.0736301369863013,67,63.0,NYJ,1.5384615384615385,0.9230769230769231,60.0,7.538461538461538,0.07692307692307693,4.9,8.2,0.0,0.0,0.0,0.0,2.1,0.23076923076923078,0.23076923076923078,100.0,0.9230769230769231,0.07692307692307693,4.0,4.0,0.0,0.0,0.0,0.0,0.8,21.6,34.3,0.0,7.1,4.3,7.1,9.9,2.890301440263718,2.5503810690531146
Eric Tomlinson,2500.0,1.23,9.44,23.6,63.31359516616315,349.22296072507555,5.5,20.177643504531723,13.332930513595167,36.9,3.422356495468278,58.3,8.2,14.0,459,63.4,225.09123867069488,6.9,10.8,1.711178247734139,95,True,3.0,46.0,21.5,20.9,61.48321917808219,299.04178082191777,4.9,15.961301369863012,13.59931506849315,32.6,2.71986301369863,44.7,32.99623287671233,56.2,193.7544520547945,5.9,10.5,1.0736301369863013,67,77.0,NYJ,1.0,0.5714285714285714,57.1,5.142857142857143,0.0,5.1,9.0,0.0,0.0,0.0,0.0,1.1,0.0,0.0,0.0,0.0,0.0,0.0,0.0,0.0,0.0,0.0,0.0,0.0,24.1,38.1,0.0,4.2,2.4,4.2,4.5,2.876669730560149,1.8978665664536303
Jared Cook,5300.0,12.28,14.98,21.4,65.13043478260869,378.83010033444816,5.8,20.39799331103679,13.383946488294313,39.0,2.791304347826087,56.4,7.8,16.6,499,64.1,258.3745819397993,7.2,11.3,1.7892976588628762,90,True,2.5,44.5,21.0,18.6,62.45307692307693,344.3861538461539,5.5,18.88615384615385,12.447692307692309,36.8,2.9330769230769236,53.7,35.55461538461539,68.2,245.16230769230773,6.9,10.1,1.3592307692307695,94,5.0,OAK,6.642857142857143,4.5,67.7,60.57142857142857,0.42857142857142855,9.1,13.5,0.0,0.0,0.0,0.0,14.0,1.0714285714285714,0.7142857142857143,66.7,4.928571428571429,0.21428571428571427,4.6,6.9,0.0,0.0,0.0,0.0,2.5,49.4,75.4,0.0,13.5,9.1,13.5,28.3,13.990567566111846,12.02215230299739
Lee Smith,2500.0,1.87,14.98,21.4,65.13043478260869,378.83010033444816,5.8,20.39799331103679,13.383946488294313,39.0,2.791304347826087,56.4,7.8,16.6,499,64.1,258.3745819397993,7.2,11.3,1.7892976588628762,90,True,2.5,44.5,21.0,18.6,62.45307692307693,344.3861538461539,5.5,18.88615384615385,12.447692307692309,36.8,2.9330769230769236,53.7,35.55461538461539,68.2,245.16230769230773,6.9,10.1,1.3592307692307695,94,55.0,OAK,0.7857142857142857,0.7142857142857143,90.9,5.214285714285714,0.21428571428571427,6.6,7.3,0.0,0.0,0.0,0.0,2.5,0.2857142857142857,0.2857142857142857,100.0,0.5,0.21428571428571427,1.8,1.8,0.0,0.0,0.0,0.0,1.6,17.4,26.5,0.0,4.5,4.1,4.5,14.5,1.708820816189566,2.3294584275738592
Derek Carrier,2500.0,1.38,14.98,21.4,65.13043478260869,378.83010033444816,5.8,20.39799331103679,13.383946488294313,39.0,2.791304347826087,56.4,7.8,16.6,499,64.1,258.3745819397993,7.2,11.3,1.7892976588628762,90,True,2.5,44.5,21.0,18.6,62.45307692307693,344.3861538461539,5.5,18.88615384615385,12.447692307692309,36.8,2.9330769230769236,53.7,35.55461538461539,68.2,245.16230769230773,6.9,10.1,1.3592307692307695,94,72.0,OAK,0.8571428571428571,0.5,58.3,4.785714285714286,0.07142857142857142,5.6,9.6,0.0,0.0,0.0,0.0,1.4,0.14285714285714285,0.07142857142857142,50.0,0.42857142857142855,0.07142857142857142,3.0,6.0,0.0,0.0,0.0,0.0,0.5,14.1,21.5,0.0,6.1,3.6,6.1,10.0,2.698468208067969,1.6330599696212107
Zach Ertz,5900.0,15.8,14.9,20.1,64.5202846975089,347.06476868327405,5.4,19.098576512455516,14.162989323843417,39.9,2.718149466192171,73.7,7.0,15.5,516,64.9,258.65338078291813,7.0,10.8,1.716725978647687,90,True,-2.5,46.0,24.25,22.2,63.74469453376206,354.4861736334405,5.6,21.12926045016077,12.491961414790996,38.3,3.711897106109325,57.7,36.762057877813504,69.5,255.69260450160772,7.0,10.0,1.5704180064308682,96,2.0,PHI,9.714285714285714,7.214285714285714,74.3,74.14285714285714,0.42857142857142855,7.6,10.3,0.0,0.0,0.0,0.0,18.1,1.6428571428571428,0.8571428571428571,52.2,7.0,0.42857142857142855,4.3,8.2,0.0,0.0,0.0,0.0,4.1,62.4,93.1,0.0,15.6,11.6,15.6,28.9,18.817225463091884,13.785226865165289
Dallas Goedert,2600.0,5.32,14.9,20.1,64.5202846975089,347.06476868327405,5.4,19.098576512455516,14.162989323843417,39.9,2.718149466192171,73.7,7.0,15.5,516,64.9,258.65338078291813,7.0,10.8,1.716725978647687,90,True,-2.5,46.0,24.25,22.2,63.74469453376206,354.4861736334405,5.6,21.12926045016077,12.491961414790996,38.3,3.711897106109325,57.7,36.762057877813504,69.5,255.69260450160772,7.0,10.0,1.5704180064308682,96,23.0,PHI,2.7142857142857144,1.9285714285714286,71.1,19.785714285714285,0.2857142857142857,7.3,10.3,0.0,0.0,0.0,0.0,5.6,0.42857142857142855,0.2857142857142857,66.7,1.5714285714285714,0.21428571428571427,3.7,5.5,0.0,0.0,0.0,0.0,1.7,30.9,46.1,0.0,8.8,6.2,8.8,18.2,6.438227575824421,4.362231870611706
Richard Rodgers,2500.0,0.59,14.9,20.1,64.5202846975089,347.06476868327405,5.4,19.098576512455516,14.162989323843417,39.9,2.718149466192171,73.7,7.0,15.5,516,64.9,258.65338078291813,7.0,10.8,1.716725978647687,90,True,-2.5,46.0,24.25,22.2,63.74469453376206,354.4861736334405,5.6,21.12926045016077,12.491961414790996,38.3,3.711897106109325,57.7,36.762057877813504,69.5,255.69260450160772,7.0,10.0,1.5704180064308682,96,111.0,PHI,0.0,0.0,0.0,0.0,0.0,0.0,0.0,0.0,0.0,0.0,0.0,0.0,0.0,0.0,0.0,0.0,0.0,0.0,0.0,0.0,0.0,0.0,0.0,0.0,6.0,9.4,0.0,0.0,0.0,0.0,0.0,1.9935068711418618,0.8583039430128472
Vance McDonald,4100.0,8.5,9.19,20.9,60.05171232876712,342.2732876712329,5.7,20.184246575342463,11.666780821917808,40.5,3.006164383561644,61.9,8.4,16.2,493,67.5,262.96780821917804,7.5,11.0,1.7893835616438354,96,False,5.5,53.5,24.0,27.4,65.7171875,405.36302083333334,6.2,23.832291666666666,12.130208333333332,45.3,3.0682291666666663,76.7,42.384375,66.5,311.53229166666665,7.4,11.1,2.2119791666666666,94,9.0,PIT,4.846153846153846,3.5384615384615383,73.0,40.15384615384615,0.3076923076923077,8.3,11.3,0.0,0.0,0.0,0.0,9.6,0.6153846153846154,0.38461538461538464,62.5,2.923076923076923,0.23076923076923078,4.8,7.6,0.0,0.0,0.0,0.0,2.1,37.6,54.9,0.0,12.9,9.4,12.9,25.4,9.5878080009972,9.071427278411326
Jesse James,2800.0,4.44,9.19,20.9,60.05171232876712,342.2732876712329,5.7,20.184246575342463,11.666780821917808,40.5,3.006164383561644,61.9,8.4,16.2,493,67.5,262.96780821917804,7.5,11.0,1.7893835616438354,96,False,5.5,53.5,24.0,27.4,65.7171875,405.36302083333334,6.2,23.832291666666666,12.130208333333332,45.3,3.0682291666666663,76.7,42.384375,66.5,311.53229166666665,7.4,11.1,2.2119791666666666,94,18.0,PIT,2.7142857142857144,2.142857142857143,78.9,30.214285714285715,0.14285714285714285,11.1,14.1,0.0,0.0,0.0,0.0,6.2,0.2857142857142857,0.14285714285714285,50.0,1.0714285714285714,0.07142857142857142,3.8,7.5,0.0,0.0,0.0,0.0,0.7,37.4,53.7,0.0,7.3,5.7,7.3,16.7,6.934619722961141,5.241857678890842
Xavier Grimble,2500.0,0.49,9.19,20.9,60.05171232876712,342.2732876712329,5.7,20.184246575342463,11.666780821917808,40.5,3.006164383561644,61.9,8.4,16.2,493,67.5,262.96780821917804,7.5,11.0,1.7893835616438354,96,False,5.5,53.5,24.0,27.4,65.7171875,405.36302083333334,6.2,23.832291666666666,12.130208333333332,45.3,3.0682291666666663,76.7,42.384375,66.5,311.53229166666665,7.4,11.1,2.2119791666666666,94,87.0,PIT,0.42857142857142855,0.35714285714285715,83.3,5.0,0.0,11.7,14.0,0.0,0.0,0.0,0.0,0.8,0.0,0.0,0.0,0.0,0.0,0.0,0.0,0.0,0.0,0.0,0.0,0.0,10.6,15.2,0.0,4.1,3.4,4.1,7.4,1.3789451814667242,1.2573467379260408
Nick Vannett,2500.0,4.63,16.61,27.1,69.105,408.7821052631579,5.9,26.24421052631579,12.052368421052632,40.8,3.708421052631579,73.1,7.5,15.3,570,63.9,282.05394736842106,6.9,10.9,1.9255263157894738,90,True,2.5,53.0,25.25,25.9,62.502479338842974,349.4716253443526,5.6,20.12066115702479,12.84297520661157,38.9,3.2820936639118456,65.2,26.898898071625343,66.3,194.78512396694214,7.2,10.9,2.211845730027548,108,32.0,SEA,2.923076923076923,1.9230769230769231,65.8,18.53846153846154,0.15384615384615385,6.3,9.6,0.0,0.0,0.0,0.0,4.7,0.38461538461538464,0.3076923076923077,80.0,3.0,0.15384615384615385,7.8,9.8,0.0,0.0,0.0,0.0,1.5,35.5,53.5,0.0,8.2,5.4,8.2,13.3,8.423006059802386,4.994574161260091
Ed Dickson,2500.0,4.1,16.61,27.1,69.105,408.7821052631579,5.9,26.24421052631579,12.052368421052632,40.8,3.708421052631579,73.1,7.5,15.3,570,63.9,282.05394736842106,6.9,10.9,1.9255263157894738,90,True,2.5,53.0,25.25,25.9,62.502479338842974,349.4716253443526,5.6,20.12066115702479,12.84297520661157,38.9,3.2820936639118456,65.2,26.898898071625343,66.3,194.78512396694214,7.2,10.9,2.211845730027548,108,59.0,SEA,1.25,1.125,90.0,15.5,0.25,12.4,13.8,0.0,0.0,0.0,0.0,4.2,0.5,0.375,75.0,4.375,0.25,8.8,11.7,0.0,0.0,0.0,0.0,2.3,31.6,46.6,0.0,4.0,3.6,4.0,13.2,6.031978343010702,3.9397850751965375
Will Dissly,2500.0,0.0,16.61,27.1,69.105,408.7821052631579,5.9,26.24421052631579,12.052368421052632,40.8,3.708421052631579,73.1,7.5,15.3,570,63.9,282.05394736842106,6.9,10.9,1.9255263157894738,90,True,2.5,53.0,25.25,25.9,62.502479338842974,349.4716253443526,5.6,20.12066115702479,12.84297520661157,38.9,3.2820936639118456,65.2,26.898898071625343,66.3,194.78512396694214,7.2,10.9,2.211845730027548,108,46.0,SEA,3.5,2.0,57.1,39.0,0.5,11.1,19.5,0.0,0.0,0.0,0.0,9.6,0.5,0.5,100.0,4.25,0.5,8.5,8.5,0.0,0.0,0.0,0.0,3.9,31.8,49.2,0.0,11.0,6.3,11.0,30.4,9.66330604842444,5.97795857915922
George Kittle,6000.0,14.06,10.01,18.9,64.28863636363636,311.5636363636363,4.8,17.969318181818178,13.888636363636362,34.5,2.5772727272727267,52.8,7.6,15.1,544,61.6,227.8022727272727,5.8,9.5,1.5034090909090907,71,True,4.0,42.5,19.25,21.5,63.642857142857146,364.2142857142857,5.7,21.928571428571427,12.0,37.5,3.0714285714285716,41.9,32.92857142857143,62.0,240.78571428571428,7.3,11.8,1.6428571428571428,86,3.0,SF,7.857142857142857,5.142857142857143,65.5,82.42857142857143,0.2857142857142857,10.5,16.0,0.07142857142857142,0.7142857142857143,10.0,0.0,16.0,0.8571428571428571,0.5714285714285714,66.7,3.857142857142857,0.14285714285714285,4.5,6.8,0.0,0.0,0.0,0.0,2.0,58.1,86.6,0.1,13.5,9.0,13.7,27.5,18.369896367478002,12.34375235064648
Garrett Celek,2500.0,2.39,10.01,18.9,64.28863636363636,311.5636363636363,4.8,17.969318181818178,13.888636363636362,34.5,2.5772727272727267,52.8,7.6,15.1,544,61.6,227.8022727272727,5.8,9.5,1.5034090909090907,71,True,4.0,42.5,19.25,21.5,63.642857142857146,364.2142857142857,5.7,21.928571428571427,12.0,37.5,3.0714285714285716,41.9,32.92857142857143,62.0,240.78571428571428,7.3,11.8,1.6428571428571428,86,65.0,SF,0.5714285714285714,0.35714285714285715,62.5,6.428571428571429,0.14285714285714285,11.2,18.0,0.0,0.0,0.0,0.0,1.9,0.14285714285714285,0.07142857142857142,50.0,0.7857142857142857,0.07142857142857142,5.5,11.0,0.0,0.0,0.0,0.0,0.6,19.5,29.1,0.0,2.9,1.8,2.9,9.5,2.631727750311151,2.5850532910278345
Ross Dwelley,2500.0,0.92,10.01,18.9,64.28863636363636,311.5636363636363,4.8,17.969318181818178,13.888636363636362,34.5,2.5772727272727267,52.8,7.6,15.1,544,61.6,227.8022727272727,5.8,9.5,1.5034090909090907,71,True,4.0,42.5,19.25,21.5,63.642857142857146,364.2142857142857,5.7,21.928571428571427,12.0,37.5,3.0714285714285716,41.9,32.92857142857143,62.0,240.78571428571428,7.3,11.8,1.6428571428571428,86,109.0,SF,0.125,0.125,100.0,1.0,0.0,8.0,8.0,0.0,0.0,0.0,0.0,0.2,0.125,0.125,100.0,1.0,0.0,8.0,8.0,0.0,0.0,0.0,0.0,0.2,2.9,4.4,0.0,4.3,4.3,4.3,7.8,0.08768832539643068,1.5418179950595179
Cameron Brate,3900.0,8.16,14.23,19.2,59.88401486988847,317.19256505576203,5.3,18.700371747211893,12.34795539033457,42.8,2.8550185873605947,50.0,7.2,17.8,453,68.2,223.90483271375462,6.9,10.2,1.3561338289962823,94,False,7.5,47.5,20.0,24.6,66.07674418604651,417.0558139534884,6.3,24.242441860465117,11.727906976744187,47.6,3.718604651162791,59.6,38.7593023255814,64.9,319.22790697674424,8.2,12.7,2.2168604651162793,90,19.0,TB,3.0,1.8571428571428572,61.9,17.285714285714285,0.42857142857142855,5.8,9.3,0.0,0.0,0.0,0.0,6.1,0.7857142857142857,0.5714285714285714,72.7,5.142857142857143,0.42857142857142855,6.5,9.0,0.0,0.0,0.0,0.0,3.7,31.5,45.2,0.0,9.5,5.9,9.5,19.3,6.015988161561817,4.368574754605678
Antony Auclair,2500.0,1.25,14.23,19.2,59.88401486988847,317.19256505576203,5.3,18.700371747211893,12.34795539033457,42.8,2.8550185873605947,50.0,7.2,17.8,453,68.2,223.90483271375462,6.9,10.2,1.3561338289962823,94,False,7.5,47.5,20.0,24.6,66.07674418604651,417.0558139534884,6.3,24.242441860465117,11.727906976744187,47.6,3.718604651162791,59.6,38.7593023255814,64.9,319.22790697674424,8.2,12.7,2.2168604651162793,90,85.0,TB,0.5,0.5,100.0,3.4285714285714284,0.0,6.9,6.9,0.0,0.0,0.0,0.0,0.8,0.0,0.0,0.0,0.0,0.0,0.0,0.0,0.0,0.0,0.0,0.0,0.0,20.0,28.7,0.0,2.5,2.5,2.5,4.2,2.0526099567514584,1.9656648873107372
Anthony Firkser,3500.0,4.89,9.87,22.1,62.02258064516129,356.66548387096776,5.8,20.31774193548387,12.190645161290323,42.7,3.208064516129032,51.1,7.7,16.2,478,66.1,240.31967741935483,7.1,10.7,1.6396774193548387,90,True,-10.5,37.0,23.75,19.1,59.72313432835821,317.0742537313433,5.3,18.38731343283582,13.184701492537314,41.1,3.0645522388059705,53.5,27.29589552238806,67.4,186.5813432835821,6.8,10.1,0.9977611940298508,88,42.0,TEN,2.0,2.0,100.0,25.125,0.125,12.6,12.6,0.0,0.0,0.0,0.0,5.3,0.375,0.375,100.0,3.75,0.125,10.0,10.0,0.0,0.0,0.0,0.0,1.5,13.6,22.5,0.0,14.7,14.7,14.7,38.6,4.214867276977048,4.806102206952324
Luke Stocker,2500.0,2.86,9.87,22.1,62.02258064516129,356.66548387096776,5.8,20.31774193548387,12.190645161290323,42.7,3.208064516129032,51.1,7.7,16.2,478,66.1,240.31967741935483,7.1,10.7,1.6396774193548387,90,True,-10.5,37.0,23.75,19.1,59.72313432835821,317.0742537313433,5.3,18.38731343283582,13.184701492537314,41.1,3.0645522388059705,53.5,27.29589552238806,67.4,186.5813432835821,6.8,10.1,0.9977611940298508,88,57.0,TEN,1.2857142857142858,1.0,77.8,10.214285714285714,0.07142857142857142,7.9,10.2,0.07142857142857142,0.0,0.0,0.0,2.4,0.14285714285714285,0.07142857142857142,50.0,0.07142857142857142,0.07142857142857142,0.5,1.0,0.07142857142857142,0.0,0.0,0.0,0.5,29.9,47.4,0.2,4.3,3.6,4.5,8.2,4.8996299536237755,2.5423376712526498
MyCole Pruitt,2500.0,2.69,9.87,22.1,62.02258064516129,356.66548387096776,5.8,20.31774193548387,12.190645161290323,42.7,3.208064516129032,51.1,7.7,16.2,478,66.1,240.31967741935483,7.1,10.7,1.6396774193548387,90,True,-10.5,37.0,23.75,19.1,59.72313432835821,317.0742537313433,5.3,18.38731343283582,13.184701492537314,41.1,3.0645522388059705,53.5,27.29589552238806,67.4,186.5813432835821,6.8,10.1,0.9977611940298508,88,91.0,TEN,0.46153846153846156,0.38461538461538464,83.3,3.6153846153846154,0.0,7.8,9.4,0.0,0.0,0.0,0.0,0.7,0.15384615384615385,0.15384615384615385,100.0,1.6153846153846154,0.0,10.5,10.5,0.0,0.0,0.0,0.0,0.3,10.4,16.6,0.0,4.4,3.7,4.4,7.2,1.0986861985607357,1.564579247315634
Cole Wick,2500.0,0.0,9.87,22.1,62.02258064516129,356.66548387096776,5.8,20.31774193548387,12.190645161290323,42.7,3.208064516129032,51.1,7.7,16.2,478,66.1,240.31967741935483,7.1,10.7,1.6396774193548387,90,True,-10.5,37.0,23.75,19.1,59.72313432835821,317.0742537313433,5.3,18.38731343283582,13.184701492537314,41.1,3.0645522388059705,53.5,27.29589552238806,67.4,186.5813432835821,6.8,10.1,0.9977611940298508,88,111.0,SF,0.2,0.0,0.0,0.0,0.0,0.0,0.0,0.0,0.0,0.0,0.0,0.0,0.2,0.0,0.0,0.0,0.0,0.0,0.0,0.0,0.0,0.0,0.0,0.0,2.2,3.1,0.0,9.1,0.0,9.1,0.0,1.4989025372583065,1.6861187583745259
Delanie Walker,2500.0,0.0,9.87,22.1,62.02258064516129,356.66548387096776,5.8,20.31774193548387,12.190645161290323,42.7,3.208064516129032,51.1,7.7,16.2,478,66.1,240.31967741935483,7.1,10.7,1.6396774193548387,90,True,-10.5,37.0,23.75,19.1,59.72313432835821,317.0742537313433,5.3,18.38731343283582,13.184701492537314,41.1,3.0645522388059705,53.5,27.29589552238806,67.4,186.5813432835821,6.8,10.1,0.9977611940298508,88,93.0,TEN,7.0,4.0,57.1,52.0,0.0,7.4,13.0,0.0,0.0,0.0,0.0,9.2,1.0,0.0,0.0,0.0,0.0,0.0,0.0,0.0,0.0,0.0,0.0,0.0,39.0,56.5,0.0,17.9,10.3,17.9,23.6,12.711193798063572,9.603107034316743
Vernon Davis,4200.0,6.2,8.23,18.1,61.99606299212599,328.2228346456693,5.3,18.313779527559056,12.684251968503938,34.8,2.7078740157480317,42.1,7.0,16.0,475,63.2,218.19763779527563,6.4,10.2,1.2114173228346459,86,False,10.5,37.0,13.25,18.9,61.62113207547169,314.8098113207547,5.1,18.186792452830186,13.051698113207546,36.6,2.7101886792452827,52.6,32.66490566037736,62.2,201.26716981132074,6.2,9.9,1.0698113207547169,80,25.0,WAS,2.5714285714285716,1.7857142857142858,69.4,26.214285714285715,0.14285714285714285,10.2,14.7,0.0,0.0,0.0,0.0,5.4,0.07142857142857142,0.07142857142857142,100.0,0.7142857142857143,0.0,10.0,10.0,0.0,0.0,0.0,0.0,0.3,31.9,49.0,0.0,8.1,5.6,8.1,16.9,5.775940226748668,4.560447450490709
Jordan Reed,4500.0,5.89,8.23,18.1,61.99606299212599,328.2228346456693,5.3,18.313779527559056,12.684251968503938,34.8,2.7078740157480317,42.1,7.0,16.0,475,63.2,218.19763779527563,6.4,10.2,1.2114173228346459,86,False,10.5,37.0,13.25,18.9,61.62113207547169,314.8098113207547,5.1,18.186792452830186,13.051698113207546,36.6,2.7101886792452827,52.6,32.66490566037736,62.2,201.26716981132074,6.2,9.9,1.0698113207547169,80,11.0,WAS,6.461538461538462,4.153846153846154,64.3,42.92307692307692,0.15384615384615385,6.6,10.3,0.0,0.0,0.0,0.0,9.3,0.6153846153846154,0.23076923076923078,37.5,1.5384615384615385,0.15384615384615385,2.5,6.7,0.0,0.0,0.0,0.0,1.3,39.3,56.0,0.0,16.4,10.6,16.4,23.6,10.617624088948446,9.393941824973757
Jeremy Sprinkle,2500.0,2.66,8.23,18.1,61.99606299212599,328.2228346456693,5.3,18.313779527559056,12.684251968503938,34.8,2.7078740157480317,42.1,7.0,16.0,475,63.2,218.19763779527563,6.4,10.2,1.2114173228346459,86,False,10.5,37.0,13.25,18.9,61.62113207547169,314.8098113207547,5.1,18.186792452830186,13.051698113207546,36.6,2.7101886792452827,52.6,32.66490566037736,62.2,201.26716981132074,6.2,9.9,1.0698113207547169,80,88.0,WAS,0.42857142857142855,0.21428571428571427,50.0,1.3571428571428572,0.07142857142857142,3.2,6.3,0.0,0.0,0.0,0.0,0.8,0.2857142857142857,0.14285714285714285,50.0,1.0714285714285714,0.07142857142857142,3.8,7.5,0.0,0.0,0.0,0.0,0.7,20.1,30.8,0.0,2.1,1.1,2.1,3.9,1.3556567898882923,2.693276244191838
Matt Flanagan,2500.0,0.44,8.23,18.1,61.99606299212599,328.2228346456693,5.3,18.313779527559056,12.684251968503938,34.8,2.7078740157480317,42.1,7.0,16.0,475,63.2,218.19763779527563,6.4,10.2,1.2114173228346459,86,False,10.5,37.0,13.25,18.9,61.62113207547169,314.8098113207547,5.1,18.186792452830186,13.051698113207546,36.6,2.7101886792452827,52.6,32.66490566037736,62.2,201.26716981132074,6.2,9.9,1.0698113207547169,80,111.0,WAS,0.0,0.0,0.0,0.0,0.0,0.0,0.0,0.0,0.0,0.0,0.0,0.0,0.0,0.0,0.0,0.0,0.0,0.0,0.0,0.0,0.0,0.0,0.0,0.0,22.0,32.4,0.0,0.0,0.0,0.0,0.0,1.494779630020818,1.786298807310539
